ZCIPOWHVNK0001,HVNK0001,1
aciPOW-CurA1_HVNK0001,aciPOW-CurA1,2
afoPOW-CurA1_HVNK0001,afo,3
aacPOW-CurA1_HVNK0001,aac,3
aalPOW-CurA1_HVNK0001,aal,3
aciPOW-CurB1_HVNK0001,aciPOW-CurB1,2
afoPOW-CurB1_HVNK0001,afo,3
aacPOW-CurB1_HVNK0001,aac,3
aalPOW-CurB1_HVNK0001,aal,3
aciPOW-CurC1_HVNK0001,aciPOW-CurC1,2
afoPOW-CurC1_HVNK0001,afo,3
aacPOW-CurC1_HVNK0001,aac,3
aalPOW-CurC1_HVNK0001,aal,3
aciPOW-IoCurIn_HVNK0001,aciPOW-IoCurIn,2
afoPOW-IoCurIn_HVNK0001,afo,3
aacPOW-IoCurIn_HVNK0001,aac,3
aalPOW-IoCurIn_HVNK0001,aal,3
aciPOW-VoltA3_HVNK0001,aciPOW-VoltA3,2
afoPOW-VoltA3_HVNK0001,afo,3
aacPOW-VoltA3_HVNK0001,aac,3
aalPOW-VoltA3_HVNK0001,aal,3
aciPOW-VoltB3_HVNK0001,aciPOW-VoltB3,2
afoPOW-VoltB3_HVNK0001,afo,3
aacPOW-VoltB3_HVNK0001,aac,3
aalPOW-VoltB3_HVNK0001,aal,3
aciPOW-VoltC3_HVNK0001,aciPOW-VoltC3,2
afoPOW-VoltC3_HVNK0001,afo,3
aacPOW-VoltC3_HVNK0001,aac,3
aalPOW-VoltC3_HVNK0001,aal,3
aciPOW-Uab1_HVNK0001,aciPOW-Uab1,2
afoPOW-Uab1_HVNK0001,afo,3
aacPOW-Uab1_HVNK0001,aac,3
aalPOW-Uab1_HVNK0001,aal,3
aciPOW-Ubc1_HVNK0001,aciPOW-Ubc1,2
afoPOW-Ubc1_HVNK0001,afo,3
aacPOW-Ubc1_HVNK0001,aac,3
aalPOW-Ubc1_HVNK0001,aal,3
aciPOW-Uca1_HVNK0001,aciPOW-Uca1,2
afoPOW-Uca1_HVNK0001,afo,3
aacPOW-Uca1_HVNK0001,aac,3
aalPOW-Uca1_HVNK0001,aal,3
aciPOW-WithPowP_HVNK0001,aciPOW-WithPowP,2
afoPOW-WithPowP_HVNK0001,afo,3
aacPOW-WithPowP_HVNK0001,aac,3
aalPOW-WithPowP_HVNK0001,aal,3
aciPOW-NoPowQ_HVNK0001,aciPOW-NoPowQ,2
afoPOW-NoPowQ_HVNK0001,afo,3
aacPOW-NoPowQ_HVNK0001,aac,3
aalPOW-NoPowQ_HVNK0001,aal,3
aciPOW-VoltFreq_HVNK0001,aciPOW-VoltFreq,2
afoPOW-VoltFreq_HVNK0001,afo,3
aacPOW-VoltFreq_HVNK0001,aac,3
aalPOW-VoltFreq_HVNK0001,aal,3
aciPOW-Cos_HVNK0001,aciPOW-Cos,2
afoPOW-Cos_HVNK0001,afo,3
aacPOW-Cos_HVNK0001,aac,3
aalPOW-Cos_HVNK0001,aal,3
dciPOW-Itrip1_HVNK0001,dciPOW-Itrip1,2
dfoPOW-Itrip1_HVNK0001,dfo,3
dacPOW-Itrip1_HVNK0001,dac,3
dalPOW-Itrip1_HVNK0001,dal,3
dciPOW-CurProt1_HVNK0001,dciPOW-CurProt1,2
dfoPOW-CurProt1_HVNK0001,dfo,3
dacPOW-CurProt1_HVNK0001,dac,3
dalPOW-CurProt1_HVNK0001,dal,3
dciPOW-IoProtI1_HVNK0001,dciPOW-IoProtI1,2
dfoPOW-IoProtI1_HVNK0001,dfo,3
dacPOW-IoProtI1_HVNK0001,dac,3
dalPOW-IoProtI1_HVNK0001,dal,3
dciPOW-Ovrload1_HVNK0001,dciPOW-Ovrload1,2
dfoPOW-Ovrload1_HVNK0001,dfo,3
dacPOW-Ovrload1_HVNK0001,dac,3
dalPOW-Ovrload1_HVNK0001,dal,3
dciPOW-TripCurC_HVNK0001,dciPOW-TripCurC,2
dfoPOW-TripCurC_HVNK0001,dfo,3
dacPOW-TripCurC_HVNK0001,dac,3
dalPOW-TripCurC_HVNK0001,dal,3
dciPOW-SwtPosOpn_HVNK0001,dciPOW-SwtPosOpn,2
dfoPOW-SwtPosOpn_HVNK0001,dfo,3
dacPOW-SwtPosOpn_HVNK0001,dac,3
dalPOW-SwtPosOpn_HVNK0001,dal,3
dciPOW-DrwPos_HVNK0001,dciPOW-DrwPos,2
dfoPOW-DrwPos_HVNK0001,dfo,3
dacPOW-DrwPos_HVNK0001,dac,3
dalPOW-DrwPos_HVNK0001,dal,3
dciPOW-GCBSta_HVNK0001,dciPOW-GCBSta,2
dfoPOW-GCBSta_HVNK0001,dfo,3
dacPOW-GCBSta_HVNK0001,dac,3
dalPOW-GCBSta_HVNK0001,dal,3
dciPOW-RBECtrl_HVNK0001,dciPOW-RBECtrl,2
dfoPOW-RBECtrl_HVNK0001,dfo,3
dacPOW-RBECtrl_HVNK0001,dac,3
dalPOW-RBECtrl_HVNK0001,dal,3
dciPOW-SwtSprg1_HVNK0001,dciPOW-SwtSprg1,2
dfoPOW-SwtSprg1_HVNK0001,dfo,3
dacPOW-SwtSprg1_HVNK0001,dac,3
dalPOW-SwtSprg1_HVNK0001,dal,3
dciPOW-MCBJmpAla_HVNK0001,dciPOW-MCBJmpAla,2
dfoPOW-MCBJmpAla_HVNK0001,dfo,3
dacPOW-MCBJmpAla_HVNK0001,dac,3
dalPOW-MCBJmpAla_HVNK0001,dal,3
dciPOW-NkbOvrTTrip_HVNK0001,dciPOW-NkbOvrTTrip,2
dfoPOW-NkbOvrTTrip_HVNK0001,dfo,3
dacPOW-NkbOvrTTrip_HVNK0001,dac,3
dalPOW-NkbOvrTTrip_HVNK0001,dal,3
dciPOW-Nkbdoor_HVNK0001,dciPOW-Nkbdoor,2
dfoPOW-Nkbdoor_HVNK0001,dfo,3
dacPOW-Nkbdoor_HVNK0001,dac,3
dalPOW-Nkbdoor_HVNK0001,dal,3
dciPOW-CSwtOpn_HVNK0001,dciPOW-CSwtOpn,2
dfoPOW-CSwtOpn_HVNK0001,dfo,3
dacPOW-CSwtOpn_HVNK0001,dac,3
dalPOW-CSwtOpn_HVNK0001,dal,3
dciPOW-K80Trp_HVNK0001,dciPOW-K80Trp,2
dfoPOW-K80Trp_HVNK0001,dfo,3
dacPOW-K80Trp_HVNK0001,dac,3
dalPOW-K80Trp_HVNK0001,dal,3
dciPOW-K80door_HVNK0001,dciPOW-K80door,2
dfoPOW-K80door_HVNK0001,dfo,3
dacPOW-K80door_HVNK0001,dac,3
dalPOW-K80door_HVNK0001,dal,3
dciPOW-BraFrm_HVNK0001,dciPOW-BraFrm,2
dfoPOW-BraFrm_HVNK0001,dfo,3
dacPOW-BraFrm_HVNK0001,dac,3
dalPOW-BraFrm_HVNK0001,dal,3
dciPOW-DCFrm_HVNK0001,dciPOW-DCFrm,2
dfoPOW-DCFrm_HVNK0001,dfo,3
dacPOW-DCFrm_HVNK0001,dac,3
dalPOW-DCFrm_HVNK0001,dal,3
dciPOW-OverCurTrp_HVNK0001,dciPOW-OverCurTrp,2
dfoPOW-OverCurTrp_HVNK0001,dfo,3
dacPOW-OverCurTrp_HVNK0001,dac,3
dalPOW-OverCurTrp_HVNK0001,dal,3
dioPOW-CBCtrOpn_HVNK0001,dioPOW-CBCtrOpn,2
dovPOW-Opn_CBCtrOpn_HVNK0001,dovPOW-Opn,3
dioPOW-CBCtrClo_HVNK0001,dioPOW-CBCtrClo,2
dovPOW-Clo_CBCtrClo_HVNK0001,dovPOW-Clo,3
dioPOW-RCRset_HVNK0001,dioPOW-RCRset,2
dovPOW-Rst_RCRset_HVNK0001,dovPOW-Rst,3
dioPOW-Screen_HVNK0001,dioPOW-Screen,2
dovPOW-Cancl_Screen_HVNK0001,dovPOW-Cancl,3
dovPOW-Exe_Screen_HVNK0001,dovPOW-Exe,3
sioPOW-HangMain_HVNK0001,sioPOW-HangMain,2
sioPOW-HangForb_HVNK0001,sioPOW-HangForb,2
sioPOW-HangGrnd_HVNK0001,sioPOW-HangGrnd,2
dciPOW-CtrlScrn_HVNK0001,dciPOW-CtrlScrn,2
dfoPOW-CtrlScrn_HVNK0001,dfo,3
dacPOW-CtrlScrn_HVNK0001,dac,3
dalPOW-CtrlScrn_HVNK0001,dal,3
dciPOW-Maintain_HVNK0001,dciPOW-Maintain,2
dfoPOW-Maintain_HVNK0001,dfo,3
dacPOW-Maintain_HVNK0001,dac,3
dalPOW-Maintain_HVNK0001,dal,3
dciPOW-Forbid_HVNK0001,dciPOW-Forbid,2
dfoPOW-Forbid_HVNK0001,dfo,3
dacPOW-Forbid_HVNK0001,dac,3
dalPOW-Forbid_HVNK0001,dal,3
dciPOW-Ground_HVNK0001,dciPOW-Ground,2
dfoPOW-Ground_HVNK0001,dfo,3
dacPOW-Ground_HVNK0001,dac,3
dalPOW-Ground_HVNK0001,dal,3
sioPOW-IscsPow_HVNK0001,sioPOW-IscsPow,2
dciPOW-PowIscs_HVNK0001,dciPOW-PowIscs,2
dfoPOW-PowIscs_HVNK0001,dfo,3
dacPOW-PowIscs_HVNK0001,dac,3
dalPOW-PowIscs_HVNK0001,dal,3
dciPOW-RightPos_HVNK0001,dciPOW-RightPos,2
dfoPOW-RightPos_HVNK0001,dfo,3
dacPOW-RightPos_HVNK0001,dac,3
dalPOW-RightPos_HVNK0001,dal,3
dciPOW-ComSta_HVNK0001,dciPOW-ComSta,2
dfoPOW-ComSta_HVNK0001,dfo,3
dacPOW-ComSta_HVNK0001,dac,3
dalPOW-ComSta_HVNK0001,dal,3
dciPOW-SelCBOpn_HVNK0001,dciPOW-SelCBOpn,2
dfoPOW-SelCBOpn_HVNK0001,dfo,3
dacPOW-SelCBOpn_HVNK0001,dac,3
dalPOW-SelCBOpn_HVNK0001,dal,3
dciPOW-SelCBClo_HVNK0001,dciPOW-SelCBClo,2
dfoPOW-SelCBClo_HVNK0001,dfo,3
dacPOW-SelCBClo_HVNK0001,dac,3
dalPOW-SelCBClo_HVNK0001,dal,3
dioPOW-SelCBOpn_HVNK0001,dioPOW-SelCBOpn,2
dovPOW-SelOpn_SelCBOpn_HVNK0001,dovPOW-SelOpn,3
dovPOW-DeOpn_SelCBOpn_HVNK0001,dovPOW-DeOpn,3
dioPOW-SelCBClo_HVNK0001,dioPOW-SelCBClo,2
dovPOW-SelClo_SelCBClo_HVNK0001,dovPOW-SelClo,3
dovPOW-DeClo_SelCBClo_HVNK0001,dovPOW-DeClo,3
ZCIPOWNKNB0001,NKNB0001,1
aciPOW-CovTemp1_NKNB0001,aciPOW-CovTemp1,2
afoPOW-CovTemp1_NKNB0001,afo,3
aacPOW-CovTemp1_NKNB0001,aac,3
aalPOW-CovTemp1_NKNB0001,aal,3
aciPOW-CovACCur1_NKNB0001,aciPOW-CovACCur1,2
afoPOW-CovACCur1_NKNB0001,afo,3
aacPOW-CovACCur1_NKNB0001,aac,3
aalPOW-CovACCur1_NKNB0001,aal,3
aciPOW-CovDCCur1_NKNB0001,aciPOW-CovDCCur1,2
afoPOW-CovDCCur1_NKNB0001,afo,3
aacPOW-CovDCCur1_NKNB0001,aac,3
aalPOW-CovDCCur1_NKNB0001,aal,3
aciPOW-CovTemp2_NKNB0001,aciPOW-CovTemp2,2
afoPOW-CovTemp2_NKNB0001,afo,3
aacPOW-CovTemp2_NKNB0001,aac,3
aalPOW-CovTemp2_NKNB0001,aal,3
aciPOW-CovACCur2_NKNB0001,aciPOW-CovACCur2,2
afoPOW-CovACCur2_NKNB0001,afo,3
aacPOW-CovACCur2_NKNB0001,aac,3
aalPOW-CovACCur2_NKNB0001,aal,3
aciPOW-CovDCCur2_NKNB0001,aciPOW-CovDCCur2,2
afoPOW-CovDCCur2_NKNB0001,afo,3
aacPOW-CovDCCur2_NKNB0001,aac,3
aalPOW-CovDCCur2_NKNB0001,aal,3
aciPOW-DCVolt_NKNB0001,aciPOW-DCVolt,2
afoPOW-DCVolt_NKNB0001,afo,3
aacPOW-DCVolt_NKNB0001,aac,3
aalPOW-DCVolt_NKNB0001,aal,3
aciPOW-DCCur_NKNB0001,aciPOW-DCCur,2
afoPOW-DCCur_NKNB0001,afo,3
aacPOW-DCCur_NKNB0001,aac,3
aalPOW-DCCur_NKNB0001,aal,3
dciPOW-EquSta1_NKNB0001,dciPOW-EquSta1,2
dfoPOW-EquSta1_NKNB0001,dfo,3
dacPOW-EquSta1_NKNB0001,dac,3
dalPOW-EquSta1_NKNB0001,dal,3
dciPOW-EquSta2_NKNB0001,dciPOW-EquSta2,2
dfoPOW-EquSta2_NKNB0001,dfo,3
dacPOW-EquSta2_NKNB0001,dac,3
dalPOW-EquSta2_NKNB0001,dal,3
dciPOW-EquSta3_NKNB0001,dciPOW-EquSta3,2
dfoPOW-EquSta3_NKNB0001,dfo,3
dacPOW-EquSta3_NKNB0001,dac,3
dalPOW-EquSta3_NKNB0001,dal,3
dciPOW-1QFSta_NKNB0001,dciPOW-1QFSta,2
dfoPOW-1QFSta_NKNB0001,dfo,3
dacPOW-1QFSta_NKNB0001,dac,3
dalPOW-1QFSta_NKNB0001,dal,3
dciPOW-2QFSta_NKNB0001,dciPOW-2QFSta,2
dfoPOW-2QFSta_NKNB0001,dfo,3
dacPOW-2QFSta_NKNB0001,dac,3
dalPOW-2QFSta_NKNB0001,dal,3
dciPOW-RemLcCtrl_NKNB0001,dciPOW-RemLcCtrl,2
dfoPOW-RemLcCtrl_NKNB0001,dfo,3
dacPOW-RemLcCtrl_NKNB0001,dac,3
dalPOW-RemLcCtrl_NKNB0001,dal,3
dciPOW-LocUrgStp_NKNB0001,dciPOW-LocUrgStp,2
dfoPOW-LocUrgStp_NKNB0001,dfo,3
dacPOW-LocUrgStp_NKNB0001,dac,3
dalPOW-LocUrgStp_NKNB0001,dal,3
dciPOW-CovFlt1_NKNB0001,dciPOW-CovFlt1,2
dfoPOW-CovFlt1_NKNB0001,dfo,3
dacPOW-CovFlt1_NKNB0001,dac,3
dalPOW-CovFlt1_NKNB0001,dal,3
dciPOW-CovOvrT1_NKNB0001,dciPOW-CovOvrT1,2
dfoPOW-CovOvrT1_NKNB0001,dfo,3
dacPOW-CovOvrT1_NKNB0001,dac,3
dalPOW-CovOvrT1_NKNB0001,dal,3
dciPOW-CovTmpOv1_NKNB0001,dciPOW-CovTmpOv1,2
dfoPOW-CovTmpOv1_NKNB0001,dfo,3
dacPOW-CovTmpOv1_NKNB0001,dac,3
dalPOW-CovTmpOv1_NKNB0001,dal,3
dciPOW-CovFlt2_NKNB0001,dciPOW-CovFlt2,2
dfoPOW-CovFlt2_NKNB0001,dfo,3
dacPOW-CovFlt2_NKNB0001,dac,3
dalPOW-CovFlt2_NKNB0001,dal,3
dciPOW-CovOvrT2_NKNB0001,dciPOW-CovOvrT2,2
dfoPOW-CovOvrT2_NKNB0001,dfo,3
dacPOW-CovOvrT2_NKNB0001,dac,3
dalPOW-CovOvrT2_NKNB0001,dal,3
dciPOW-CovTmpOv2_NKNB0001,dciPOW-CovTmpOv2,2
dfoPOW-CovTmpOv2_NKNB0001,dfo,3
dacPOW-CovTmpOv2_NKNB0001,dac,3
dalPOW-CovTmpOv2_NKNB0001,dal,3
dciPOW-Reserve15_NKNB0001,dciPOW-Reserve15,2
dfoPOW-Reserve15_NKNB0001,dfo,3
dacPOW-Reserve15_NKNB0001,dac,3
dalPOW-Reserve15_NKNB0001,dal,3
dciPOW-VoltrOvr_NKNB0001,dciPOW-VoltrOvr,2
dfoPOW-VoltrOvr_NKNB0001,dfo,3
dacPOW-VoltrOvr_NKNB0001,dac,3
dalPOW-VoltrOvr_NKNB0001,dal,3
dciPOW-CurOvr_NKNB0001,dciPOW-CurOvr,2
dfoPOW-CurOvr_NKNB0001,dfo,3
dacPOW-CurOvr_NKNB0001,dac,3
dalPOW-CurOvr_NKNB0001,dal,3
dciPOW-CovDoor_NKNB0001,dciPOW-CovDoor,2
dfoPOW-CovDoor_NKNB0001,dfo,3
dacPOW-CovDoor_NKNB0001,dac,3
dalPOW-CovDoor_NKNB0001,dal,3
dciPOW-TranTmp_NKNB0001,dciPOW-TranTmp,2
dfoPOW-TranTmp_NKNB0001,dfo,3
dacPOW-TranTmp_NKNB0001,dac,3
dalPOW-TranTmp_NKNB0001,dal,3
dciPOW-TranTmpOv_NKNB0001,dciPOW-TranTmpOv,2
dfoPOW-TranTmpOv_NKNB0001,dfo,3
dacPOW-TranTmpOv_NKNB0001,dac,3
dalPOW-TranTmpOv_NKNB0001,dal,3
dciPOW-TranDoor_NKNB0001,dciPOW-TranDoor,2
dfoPOW-TranDoor_NKNB0001,dfo,3
dacPOW-TranDoor_NKNB0001,dac,3
dalPOW-TranDoor_NKNB0001,dal,3
dciPOW-Reserve16_NKNB0001,dciPOW-Reserve16,2
dfoPOW-Reserve16_NKNB0001,dfo,3
dacPOW-Reserve16_NKNB0001,dac,3
dalPOW-Reserve16_NKNB0001,dal,3
dciPOW-80Sta_NKNB0001,dciPOW-80Sta,2
dfoPOW-80Sta_NKNB0001,dfo,3
dacPOW-80Sta_NKNB0001,dac,3
dalPOW-80Sta_NKNB0001,dal,3
dciPOW-Reserve14_NKNB0001,dciPOW-Reserve14,2
dfoPOW-Reserve14_NKNB0001,dfo,3
dacPOW-Reserve14_NKNB0001,dac,3
dalPOW-Reserve14_NKNB0001,dal,3
dciPOW-1QFPos_NKNB0001,dciPOW-1QFPos,2
dfoPOW-1QFPos_NKNB0001,dfo,3
dacPOW-1QFPos_NKNB0001,dac,3
dalPOW-1QFPos_NKNB0001,dal,3
dciPOW-1QFOpnlF_NKNB0001,dciPOW-1QFOpnlF,2
dfoPOW-1QFOpnlF_NKNB0001,dfo,3
dacPOW-1QFOpnlF_NKNB0001,dac,3
dalPOW-1QFOpnlF_NKNB0001,dal,3
dciPOW-1QFClolF_NKNB0001,dciPOW-1QFClolF,2
dfoPOW-1QFClolF_NKNB0001,dfo,3
dacPOW-1QFClolF_NKNB0001,dac,3
dalPOW-1QFClolF_NKNB0001,dal,3
dciPOW-1QFJmp_NKNB0001,dciPOW-1QFJmp,2
dfoPOW-1QFJmp_NKNB0001,dfo,3
dacPOW-1QFJmp_NKNB0001,dac,3
dalPOW-1QFJmp_NKNB0001,dal,3
dciPOW-2QFPos_NKNB0001,dciPOW-2QFPos,2
dfoPOW-2QFPos_NKNB0001,dfo,3
dacPOW-2QFPos_NKNB0001,dac,3
dalPOW-2QFPos_NKNB0001,dal,3
dciPOW-2QFOpnlF_NKNB0001,dciPOW-2QFOpnlF,2
dfoPOW-2QFOpnlF_NKNB0001,dfo,3
dacPOW-2QFOpnlF_NKNB0001,dac,3
dalPOW-2QFOpnlF_NKNB0001,dal,3
dciPOW-2QFClolF_NKNB0001,dciPOW-2QFClolF,2
dfoPOW-2QFClolF_NKNB0001,dfo,3
dacPOW-2QFClolF_NKNB0001,dac,3
dalPOW-2QFClolF_NKNB0001,dal,3
dciPOW-2QFJmp_NKNB0001,dciPOW-2QFJmp,2
dfoPOW-2QFJmp_NKNB0001,dfo,3
dacPOW-2QFJmp_NKNB0001,dac,3
dalPOW-2QFJmp_NKNB0001,dal,3
dciPOW-80Pos_NKNB0001,dciPOW-80Pos,2
dfoPOW-80Pos_NKNB0001,dfo,3
dacPOW-80Pos_NKNB0001,dac,3
dalPOW-80Pos_NKNB0001,dal,3
dciPOW-80OpnlF_NKNB0001,dciPOW-80OpnlF,2
dfoPOW-80OpnlF_NKNB0001,dfo,3
dacPOW-80OpnlF_NKNB0001,dac,3
dalPOW-80OpnlF_NKNB0001,dal,3
dciPOW-80ClolF_NKNB0001,dciPOW-80ClolF,2
dfoPOW-80ClolF_NKNB0001,dfo,3
dacPOW-80ClolF_NKNB0001,dac,3
dalPOW-80ClolF_NKNB0001,dal,3
dciPOW-Reserve17_NKNB0001,dciPOW-Reserve17,2
dfoPOW-Reserve17_NKNB0001,dfo,3
dacPOW-Reserve17_NKNB0001,dac,3
dalPOW-Reserve17_NKNB0001,dal,3
dciPOW-Reserve18_NKNB0001,dciPOW-Reserve18,2
dfoPOW-Reserve18_NKNB0001,dfo,3
dacPOW-Reserve18_NKNB0001,dac,3
dalPOW-Reserve18_NKNB0001,dal,3
dciPOW-Reserve9_NKNB0001,dciPOW-Reserve9,2
dfoPOW-Reserve9_NKNB0001,dfo,3
dacPOW-Reserve9_NKNB0001,dac,3
dalPOW-Reserve9_NKNB0001,dal,3
dciPOW-Reserve10_NKNB0001,dciPOW-Reserve10,2
dfoPOW-Reserve10_NKNB0001,dfo,3
dacPOW-Reserve10_NKNB0001,dac,3
dalPOW-Reserve10_NKNB0001,dal,3
dciPOW-Reserve11_NKNB0001,dciPOW-Reserve11,2
dfoPOW-Reserve11_NKNB0001,dfo,3
dacPOW-Reserve11_NKNB0001,dac,3
dalPOW-Reserve11_NKNB0001,dal,3
dciPOW-Reserve12_NKNB0001,dciPOW-Reserve12,2
dfoPOW-Reserve12_NKNB0001,dfo,3
dacPOW-Reserve12_NKNB0001,dac,3
dalPOW-Reserve12_NKNB0001,dal,3
dioPOW-BrkRun_NKNB0001,dioPOW-BrkRun,2
dovPOW-Str_BrkRun_NKNB0001,dovPOW-Str,3
dioPOW-BrkStop_NKNB0001,dioPOW-BrkStop,2
dovPOW-Don_BrkStop_NKNB0001,dovPOW-Don,3
dioPOW-BrkRst_NKNB0001,dioPOW-BrkRst,2
dovPOW-Rst_BrkRst_NKNB0001,dovPOW-Rst,3
dioPOW-Screen_NKNB0001,dioPOW-Screen,2
dovPOW-Cancl_Screen_NKNB0001,dovPOW-Cancl,3
dovPOW-Exe_Screen_NKNB0001,dovPOW-Exe,3
sioPOW-HangMain_NKNB0001,sioPOW-HangMain,2
sioPOW-HangForb_NKNB0001,sioPOW-HangForb,2
sioPOW-HangGrnd_NKNB0001,sioPOW-HangGrnd,2
dciPOW-CtrlScrn_NKNB0001,dciPOW-CtrlScrn,2
dfoPOW-CtrlScrn_NKNB0001,dfo,3
dacPOW-CtrlScrn_NKNB0001,dac,3
dalPOW-CtrlScrn_NKNB0001,dal,3
dciPOW-Maintain_NKNB0001,dciPOW-Maintain,2
dfoPOW-Maintain_NKNB0001,dfo,3
dacPOW-Maintain_NKNB0001,dac,3
dalPOW-Maintain_NKNB0001,dal,3
dciPOW-Forbid_NKNB0001,dciPOW-Forbid,2
dfoPOW-Forbid_NKNB0001,dfo,3
dacPOW-Forbid_NKNB0001,dac,3
dalPOW-Forbid_NKNB0001,dal,3
dciPOW-Ground_NKNB0001,dciPOW-Ground,2
dfoPOW-Ground_NKNB0001,dfo,3
dacPOW-Ground_NKNB0001,dac,3
dalPOW-Ground_NKNB0001,dal,3
sioPOW-IscsPow_NKNB0001,sioPOW-IscsPow,2
dciPOW-PowIscs_NKNB0001,dciPOW-PowIscs,2
dfoPOW-PowIscs_NKNB0001,dfo,3
dacPOW-PowIscs_NKNB0001,dac,3
dalPOW-PowIscs_NKNB0001,dal,3
dciPOW-RightPos_NKNB0001,dciPOW-RightPos,2
dfoPOW-RightPos_NKNB0001,dfo,3
dacPOW-RightPos_NKNB0001,dac,3
dalPOW-RightPos_NKNB0001,dal,3
dciPOW-ComSta_NKNB0001,dciPOW-ComSta,2
dfoPOW-ComSta_NKNB0001,dfo,3
dacPOW-ComSta_NKNB0001,dac,3
dalPOW-ComSta_NKNB0001,dal,3
dciPOW-SelCBOpn_NKNB0001,dciPOW-SelCBOpn,2
dfoPOW-SelCBOpn_NKNB0001,dfo,3
dacPOW-SelCBOpn_NKNB0001,dac,3
dalPOW-SelCBOpn_NKNB0001,dal,3
dciPOW-SelCBClo_NKNB0001,dciPOW-SelCBClo,2
dfoPOW-SelCBClo_NKNB0001,dfo,3
dacPOW-SelCBClo_NKNB0001,dac,3
dalPOW-SelCBClo_NKNB0001,dal,3
dioPOW-SelCBOpn_NKNB0001,dioPOW-SelCBOpn,2
dovPOW-SelOpn_SelCBOpn_NKNB0001,dovPOW-SelOpn,3
dovPOW-DeOpn_SelCBOpn_NKNB0001,dovPOW-DeOpn,3
dioPOW-SelCBClo_NKNB0001,dioPOW-SelCBClo,2
dovPOW-SelClo_SelCBClo_NKNB0001,dovPOW-SelClo,3
dovPOW-DeClo_SelCBClo_NKNB0001,dovPOW-DeClo,3
ZCIPOWZSKX0001,ZSKX0001,1
aciPOW-BLVolt_ZSKX0001,aciPOW-BLVolt,2
afoPOW-BLVolt_ZSKX0001,afo,3
aacPOW-BLVolt_ZSKX0001,aac,3
aalPOW-BLVolt_ZSKX0001,aal,3
aciPOW-FDCur_ZSKX0001,aciPOW-FDCur,2
afoPOW-FDCur_ZSKX0001,afo,3
aacPOW-FDCur_ZSKX0001,aac,3
aalPOW-FDCur_ZSKX0001,aal,3
dciPOW-DrwPos_ZSKX0001,dciPOW-DrwPos,2
dfoPOW-DrwPos_ZSKX0001,dfo,3
dacPOW-DrwPos_ZSKX0001,dac,3
dalPOW-DrwPos_ZSKX0001,dal,3
dciPOW-DrwIsoPos_ZSKX0001,dciPOW-DrwIsoPos,2
dfoPOW-DrwIsoPos_ZSKX0001,dfo,3
dacPOW-DrwIsoPos_ZSKX0001,dac,3
dalPOW-DrwIsoPos_ZSKX0001,dal,3
dciPOW-DrwPosFlt_ZSKX0001,dciPOW-DrwPosFlt,2
dfoPOW-DrwPosFlt_ZSKX0001,dfo,3
dacPOW-DrwPosFlt_ZSKX0001,dac,3
dalPOW-DrwPosFlt_ZSKX0001,dal,3
dciPOW-SwtPosOpn_ZSKX0001,dciPOW-SwtPosOpn,2
dfoPOW-SwtPosOpn_ZSKX0001,dfo,3
dacPOW-SwtPosOpn_ZSKX0001,dac,3
dalPOW-SwtPosOpn_ZSKX0001,dal,3
dciPOW-CBPosFlt_ZSKX0001,dciPOW-CBPosFlt,2
dfoPOW-CBPosFlt_ZSKX0001,dfo,3
dacPOW-CBPosFlt_ZSKX0001,dac,3
dalPOW-CBPosFlt_ZSKX0001,dal,3
dciPOW-FDCtrl_ZSKX0001,dciPOW-FDCtrl,2
dfoPOW-FDCtrl_ZSKX0001,dfo,3
dacPOW-FDCtrl_ZSKX0001,dac,3
dalPOW-FDCtrl_ZSKX0001,dal,3
dciPOW-BrkLock_ZSKX0001,dciPOW-BrkLock,2
dfoPOW-BrkLock_ZSKX0001,dfo,3
dacPOW-BrkLock_ZSKX0001,dac,3
dalPOW-BrkLock_ZSKX0001,dal,3
dciPOW-AlmSig_ZSKX0001,dciPOW-AlmSig,2
dfoPOW-AlmSig_ZSKX0001,dfo,3
dacPOW-AlmSig_ZSKX0001,dac,3
dalPOW-AlmSig_ZSKX0001,dal,3
dciPOW-NotClo_ZSKX0001,dciPOW-NotClo,2
dfoPOW-NotClo_ZSKX0001,dfo,3
dacPOW-NotClo_ZSKX0001,dac,3
dalPOW-NotClo_ZSKX0001,dal,3
dciPOW-JmpSig1_ZSKX0001,dciPOW-JmpSig1,2
dfoPOW-JmpSig1_ZSKX0001,dfo,3
dacPOW-JmpSig1_ZSKX0001,dac,3
dalPOW-JmpSig1_ZSKX0001,dal,3
dciPOW-LocOpn_ZSKX0001,dciPOW-LocOpn,2
dfoPOW-LocOpn_ZSKX0001,dfo,3
dacPOW-LocOpn_ZSKX0001,dac,3
dalPOW-LocOpn_ZSKX0001,dal,3
dciPOW-CoilPowF_ZSKX0001,dciPOW-CoilPowF,2
dfoPOW-CoilPowF_ZSKX0001,dfo,3
dacPOW-CoilPowF_ZSKX0001,dac,3
dalPOW-CoilPowF_ZSKX0001,dal,3
dciPOW-Recls_ZSKX0001,dciPOW-Recls,2
dfoPOW-Recls_ZSKX0001,dfo,3
dacPOW-Recls_ZSKX0001,dac,3
dalPOW-Recls_ZSKX0001,dal,3
dciPOW-BrkTrip_ZSKX0001,dciPOW-BrkTrip,2
dfoPOW-BrkTrip_ZSKX0001,dfo,3
dacPOW-BrkTrip_ZSKX0001,dac,3
dalPOW-BrkTrip_ZSKX0001,dal,3
dciPOW-JmpLok_ZSKX0001,dciPOW-JmpLok,2
dfoPOW-JmpLok_ZSKX0001,dfo,3
dacPOW-JmpLok_ZSKX0001,dac,3
dalPOW-JmpLok_ZSKX0001,dal,3
dciPOW-DeltaI_ZSKX0001,dciPOW-DeltaI,2
dfoPOW-DeltaI_ZSKX0001,dfo,3
dacPOW-DeltaI_ZSKX0001,dac,3
dalPOW-DeltaI_ZSKX0001,dal,3
dciPOW-DeltaT_ZSKX0001,dciPOW-DeltaT,2
dfoPOW-DeltaT_ZSKX0001,dfo,3
dacPOW-DeltaT_ZSKX0001,dac,3
dalPOW-DeltaT_ZSKX0001,dal,3
dciPOW-ImaxP_ZSKX0001,dciPOW-ImaxP,2
dfoPOW-ImaxP_ZSKX0001,dfo,3
dacPOW-ImaxP_ZSKX0001,dac,3
dalPOW-ImaxP_ZSKX0001,dal,3
dciPOW-ImaxPP_ZSKX0001,dciPOW-ImaxPP,2
dfoPOW-ImaxPP_ZSKX0001,dfo,3
dacPOW-ImaxPP_ZSKX0001,dac,3
dalPOW-ImaxPP_ZSKX0001,dal,3
dciPOW-ImaxRev_ZSKX0001,dciPOW-ImaxRev,2
dfoPOW-ImaxRev_ZSKX0001,dfo,3
dacPOW-ImaxRev_ZSKX0001,dac,3
dalPOW-ImaxRev_ZSKX0001,dal,3
dciPOW-ThmPrtAlm_ZSKX0001,dciPOW-ThmPrtAlm,2
dfoPOW-ThmPrtAlm_ZSKX0001,dfo,3
dacPOW-ThmPrtAlm_ZSKX0001,dac,3
dalPOW-ThmPrtAlm_ZSKX0001,dal,3
dciPOW-ThmPrtTrp_ZSKX0001,dciPOW-ThmPrtTrp,2
dfoPOW-ThmPrtTrp_ZSKX0001,dfo,3
dacPOW-ThmPrtTrp_ZSKX0001,dac,3
dalPOW-ThmPrtTrp_ZSKX0001,dal,3
dciPOW-LowVolt1_ZSKX0001,dciPOW-LowVolt1,2
dfoPOW-LowVolt1_ZSKX0001,dfo,3
dacPOW-LowVolt1_ZSKX0001,dac,3
dalPOW-LowVolt1_ZSKX0001,dal,3
dciPOW-LCurTrp_ZSKX0001,dciPOW-LCurTrp,2
dfoPOW-LCurTrp_ZSKX0001,dfo,3
dacPOW-LCurTrp_ZSKX0001,dac,3
dalPOW-LCurTrp_ZSKX0001,dal,3
dciPOW-SndTrp_ZSKX0001,dciPOW-SndTrp,2
dfoPOW-SndTrp_ZSKX0001,dfo,3
dacPOW-SndTrp_ZSKX0001,dac,3
dalPOW-SndTrp_ZSKX0001,dal,3
dciPOW-DrwUnlok_ZSKX0001,dciPOW-DrwUnlok,2
dfoPOW-DrwUnlok_ZSKX0001,dfo,3
dacPOW-DrwUnlok_ZSKX0001,dac,3
dalPOW-DrwUnlok_ZSKX0001,dal,3
dciPOW-NKSOpn_ZSKX0001,dciPOW-NKSOpn,2
dfoPOW-NKSOpn_ZSKX0001,dfo,3
dacPOW-NKSOpn_ZSKX0001,dac,3
dalPOW-NKSOpn_ZSKX0001,dal,3
dciPOW-NKSClo_ZSKX0001,dciPOW-NKSClo,2
dfoPOW-NKSClo_ZSKX0001,dfo,3
dacPOW-NKSClo_ZSKX0001,dac,3
dalPOW-NKSClo_ZSKX0001,dal,3
dioPOW-NKSRst_ZSKX0001,dioPOW-NKSRst,2
dovPOW-Rsm_NKSRst_ZSKX0001,dovPOW-Rsm,3
dioPOW-NKSClo_ZSKX0001,dioPOW-NKSClo,2
dovPOW-Clo_NKSClo_ZSKX0001,dovPOW-Clo,3
dioPOW-NKSOpn_ZSKX0001,dioPOW-NKSOpn,2
dovPOW-Opn_NKSOpn_ZSKX0001,dovPOW-Opn,3
dioPOW-Screen_ZSKX0001,dioPOW-Screen,2
dovPOW-Cancl_Screen_ZSKX0001,dovPOW-Cancl,3
dovPOW-Exe_Screen_ZSKX0001,dovPOW-Exe,3
sioPOW-HangMain_ZSKX0001,sioPOW-HangMain,2
sioPOW-HangForb_ZSKX0001,sioPOW-HangForb,2
sioPOW-HangGrnd_ZSKX0001,sioPOW-HangGrnd,2
dciPOW-CtrlScrn_ZSKX0001,dciPOW-CtrlScrn,2
dfoPOW-CtrlScrn_ZSKX0001,dfo,3
dacPOW-CtrlScrn_ZSKX0001,dac,3
dalPOW-CtrlScrn_ZSKX0001,dal,3
dciPOW-Maintain_ZSKX0001,dciPOW-Maintain,2
dfoPOW-Maintain_ZSKX0001,dfo,3
dacPOW-Maintain_ZSKX0001,dac,3
dalPOW-Maintain_ZSKX0001,dal,3
dciPOW-Forbid_ZSKX0001,dciPOW-Forbid,2
dfoPOW-Forbid_ZSKX0001,dfo,3
dacPOW-Forbid_ZSKX0001,dac,3
dalPOW-Forbid_ZSKX0001,dal,3
dciPOW-Ground_ZSKX0001,dciPOW-Ground,2
dfoPOW-Ground_ZSKX0001,dfo,3
dacPOW-Ground_ZSKX0001,dac,3
dalPOW-Ground_ZSKX0001,dal,3
sioPOW-IscsPow_ZSKX0001,sioPOW-IscsPow,2
dciPOW-PowIscs_ZSKX0001,dciPOW-PowIscs,2
dfoPOW-PowIscs_ZSKX0001,dfo,3
dacPOW-PowIscs_ZSKX0001,dac,3
dalPOW-PowIscs_ZSKX0001,dal,3
dciPOW-RightPos_ZSKX0001,dciPOW-RightPos,2
dfoPOW-RightPos_ZSKX0001,dfo,3
dacPOW-RightPos_ZSKX0001,dac,3
dalPOW-RightPos_ZSKX0001,dal,3
dciPOW-ComSta_ZSKX0001,dciPOW-ComSta,2
dfoPOW-ComSta_ZSKX0001,dfo,3
dacPOW-ComSta_ZSKX0001,dac,3
dalPOW-ComSta_ZSKX0001,dal,3
dciPOW-SelCBOpn_ZSKX0001,dciPOW-SelCBOpn,2
dfoPOW-SelCBOpn_ZSKX0001,dfo,3
dacPOW-SelCBOpn_ZSKX0001,dac,3
dalPOW-SelCBOpn_ZSKX0001,dal,3
dciPOW-SelCBClo_ZSKX0001,dciPOW-SelCBClo,2
dfoPOW-SelCBClo_ZSKX0001,dfo,3
dacPOW-SelCBClo_ZSKX0001,dac,3
dalPOW-SelCBClo_ZSKX0001,dal,3
dioPOW-SelCBOpn_ZSKX0001,dioPOW-SelCBOpn,2
dovPOW-SelOpn_SelCBOpn_ZSKX0001,dovPOW-SelOpn,3
dovPOW-DeOpn_SelCBOpn_ZSKX0001,dovPOW-DeOpn,3
dioPOW-SelCBClo_ZSKX0001,dioPOW-SelCBClo,2
dovPOW-SelClo_SelCBClo_ZSKX0001,dovPOW-SelClo,3
dovPOW-DeClo_SelCBClo_ZSKX0001,dovPOW-DeClo,3
ZCIPOWNLDG0001,NLDG0001,1
dciPOW-DSIsoPos_NLDG0001,dciPOW-DSIsoPos,2
dfoPOW-DSIsoPos_NLDG0001,dfo,3
dacPOW-DSIsoPos_NLDG0001,dac,3
dalPOW-DSIsoPos_NLDG0001,dal,3
dciPOW-MPowFlt_NLDG0001,dciPOW-MPowFlt,2
dfoPOW-MPowFlt_NLDG0001,dfo,3
dacPOW-MPowFlt_NLDG0001,dac,3
dalPOW-MPowFlt_NLDG0001,dal,3
dciPOW-DSOper_NLDG0001,dciPOW-DSOper,2
dfoPOW-DSOper_NLDG0001,dfo,3
dacPOW-DSOper_NLDG0001,dac,3
dalPOW-DSOper_NLDG0001,dal,3
dioPOW-DSClo_NLDG0001,dioPOW-DSClo,2
dovPOW-Clo_DSClo_NLDG0001,dovPOW-Clo,3
dioPOW-DSOpn_NLDG0001,dioPOW-DSOpn,2
dovPOW-Opn_DSOpn_NLDG0001,dovPOW-Opn,3
dciPOW-DSCtrl_NLDG0001,dciPOW-DSCtrl,2
dfoPOW-DSCtrl_NLDG0001,dfo,3
dacPOW-DSCtrl_NLDG0001,dac,3
dalPOW-DSCtrl_NLDG0001,dal,3
dioPOW-Screen_NLDG0001,dioPOW-Screen,2
dovPOW-Cancl_Screen_NLDG0001,dovPOW-Cancl,3
dovPOW-Exe_Screen_NLDG0001,dovPOW-Exe,3
sioPOW-HangMain_NLDG0001,sioPOW-HangMain,2
sioPOW-HangForb_NLDG0001,sioPOW-HangForb,2
sioPOW-HangGrnd_NLDG0001,sioPOW-HangGrnd,2
dciPOW-CtrlScrn_NLDG0001,dciPOW-CtrlScrn,2
dfoPOW-CtrlScrn_NLDG0001,dfo,3
dacPOW-CtrlScrn_NLDG0001,dac,3
dalPOW-CtrlScrn_NLDG0001,dal,3
dciPOW-Maintain_NLDG0001,dciPOW-Maintain,2
dfoPOW-Maintain_NLDG0001,dfo,3
dacPOW-Maintain_NLDG0001,dac,3
dalPOW-Maintain_NLDG0001,dal,3
dciPOW-Forbid_NLDG0001,dciPOW-Forbid,2
dfoPOW-Forbid_NLDG0001,dfo,3
dacPOW-Forbid_NLDG0001,dac,3
dalPOW-Forbid_NLDG0001,dal,3
dciPOW-Ground_NLDG0001,dciPOW-Ground,2
dfoPOW-Ground_NLDG0001,dfo,3
dacPOW-Ground_NLDG0001,dac,3
dalPOW-Ground_NLDG0001,dal,3
sioPOW-IscsPow_NLDG0001,sioPOW-IscsPow,2
dciPOW-PowIscs_NLDG0001,dciPOW-PowIscs,2
dfoPOW-PowIscs_NLDG0001,dfo,3
dacPOW-PowIscs_NLDG0001,dac,3
dalPOW-PowIscs_NLDG0001,dal,3
dciPOW-RightPos_NLDG0001,dciPOW-RightPos,2
dfoPOW-RightPos_NLDG0001,dfo,3
dacPOW-RightPos_NLDG0001,dac,3
dalPOW-RightPos_NLDG0001,dal,3
dciPOW-ComSta_NLDG0001,dciPOW-ComSta,2
dfoPOW-ComSta_NLDG0001,dfo,3
dacPOW-ComSta_NLDG0001,dac,3
dalPOW-ComSta_NLDG0001,dal,3
dciPOW-SelCBOpn_NLDG0001,dciPOW-SelCBOpn,2
dfoPOW-SelCBOpn_NLDG0001,dfo,3
dacPOW-SelCBOpn_NLDG0001,dac,3
dalPOW-SelCBOpn_NLDG0001,dal,3
dciPOW-SelCBClo_NLDG0001,dciPOW-SelCBClo,2
dfoPOW-SelCBClo_NLDG0001,dfo,3
dacPOW-SelCBClo_NLDG0001,dac,3
dalPOW-SelCBClo_NLDG0001,dal,3
dioPOW-SelCBOpn_NLDG0001,dioPOW-SelCBOpn,2
dovPOW-SelOpn_SelCBOpn_NLDG0001,dovPOW-SelOpn,3
dovPOW-DeOpn_SelCBOpn_NLDG0001,dovPOW-DeOpn,3
dioPOW-SelCBClo_NLDG0001,dioPOW-SelCBClo,2
dovPOW-SelClo_SelCBClo_NLDG0001,dovPOW-SelClo,3
dovPOW-DeClo_SelCBClo_NLDG0001,dovPOW-DeClo,3
ZCIPOWNKFJ0001,NKFJ0001,1
aciPOW-RetCur_NKFJ0001,aciPOW-RetCur,2
afoPOW-RetCur_NKFJ0001,afo,3
aacPOW-RetCur_NKFJ0001,aac,3
aalPOW-RetCur_NKFJ0001,aal,3
aciPOW-BrkFrmCur_NKFJ0001,aciPOW-BrkFrmCur,2
afoPOW-BrkFrmCur_NKFJ0001,afo,3
aacPOW-BrkFrmCur_NKFJ0001,aac,3
aalPOW-BrkFrmCur_NKFJ0001,aal,3
dciPOW-BrkVAlmR1_NKFJ0001,dciPOW-BrkVAlmR1,2
dfoPOW-BrkVAlmR1_NKFJ0001,dfo,3
dacPOW-BrkVAlmR1_NKFJ0001,dac,3
dalPOW-BrkVAlmR1_NKFJ0001,dal,3
dciPOW-BrkVAlmR2_NKFJ0001,dciPOW-BrkVAlmR2,2
dfoPOW-BrkVAlmR2_NKFJ0001,dfo,3
dacPOW-BrkVAlmR2_NKFJ0001,dac,3
dalPOW-BrkVAlmR2_NKFJ0001,dal,3
dciPOW-BrkVAlm1_NKFJ0001,dciPOW-BrkVAlm1,2
dfoPOW-BrkVAlm1_NKFJ0001,dfo,3
dacPOW-BrkVAlm1_NKFJ0001,dac,3
dalPOW-BrkVAlm1_NKFJ0001,dal,3
dciPOW-BrkVAlm2_NKFJ0001,dciPOW-BrkVAlm2,2
dfoPOW-BrkVAlm2_NKFJ0001,dfo,3
dacPOW-BrkVAlm2_NKFJ0001,dac,3
dalPOW-BrkVAlm2_NKFJ0001,dal,3
dciPOW-BrkFrmCurP_NKFJ0001,dciPOW-BrkFrmCurP,2
dfoPOW-BrkFrmCurP_NKFJ0001,dfo,3
dacPOW-BrkFrmCurP_NKFJ0001,dac,3
dalPOW-BrkFrmCurP_NKFJ0001,dal,3
dciPOW-MeltFlt_NKFJ0001,dciPOW-MeltFlt,2
dfoPOW-MeltFlt_NKFJ0001,dfo,3
dacPOW-MeltFlt_NKFJ0001,dac,3
dalPOW-MeltFlt_NKFJ0001,dal,3
dciPOW-PLCClo_NKFJ0001,dciPOW-PLCClo,2
dfoPOW-PLCClo_NKFJ0001,dfo,3
dacPOW-PLCClo_NKFJ0001,dac,3
dalPOW-PLCClo_NKFJ0001,dal,3
dciPOW-NegCtrl2_NKFJ0001,dciPOW-NegCtrl2,2
dfoPOW-NegCtrl2_NKFJ0001,dfo,3
dacPOW-NegCtrl2_NKFJ0001,dac,3
dalPOW-NegCtrl2_NKFJ0001,dal,3
dciPOW-FltSig_NKFJ0001,dciPOW-FltSig,2
dfoPOW-FltSig_NKFJ0001,dfo,3
dacPOW-FltSig_NKFJ0001,dac,3
dalPOW-FltSig_NKFJ0001,dal,3
dioPOW-Reset1_NKFJ0001,dioPOW-Reset1,2
dovPOW-Rsm_Reset1_NKFJ0001,dovPOW-Rsm,3
dovPOW-Act_Reset1_NKFJ0001,dovPOW-Act,3
dciPOW-ComSta_NKFJ0001,dciPOW-ComSta,2
dfoPOW-ComSta_NKFJ0001,dfo,3
dacPOW-ComSta_NKFJ0001,dac,3
dalPOW-ComSta_NKFJ0001,dal,3
ZCIPOWNKWQ0001,NKWQ0001,1
aciPOW-TrsTmpCtrA_NKWQ0001,aciPOW-TrsTmpCtrA,2
afoPOW-TrsTmpCtrA_NKWQ0001,afo,3
aacPOW-TrsTmpCtrA_NKWQ0001,aac,3
aalPOW-TrsTmpCtrA_NKWQ0001,aal,3
aciPOW-TrsTmpCtrB_NKWQ0001,aciPOW-TrsTmpCtrB,2
afoPOW-TrsTmpCtrB_NKWQ0001,afo,3
aacPOW-TrsTmpCtrB_NKWQ0001,aac,3
aalPOW-TrsTmpCtrB_NKWQ0001,aal,3
aciPOW-TrsTmpCtrC_NKWQ0001,aciPOW-TrsTmpCtrC,2
afoPOW-TrsTmpCtrC_NKWQ0001,afo,3
aacPOW-TrsTmpCtrC_NKWQ0001,aac,3
aalPOW-TrsTmpCtrC_NKWQ0001,aal,3
dciPOW-Reserve13_NKWQ0001,dciPOW-Reserve13,2
dfoPOW-Reserve13_NKWQ0001,dfo,3
dacPOW-Reserve13_NKWQ0001,dac,3
dalPOW-Reserve13_NKWQ0001,dal,3
dciPOW-OvrTrpSig_NKWQ0001,dciPOW-OvrTrpSig,2
dfoPOW-OvrTrpSig_NKWQ0001,dfo,3
dacPOW-OvrTrpSig_NKWQ0001,dac,3
dalPOW-OvrTrpSig_NKWQ0001,dal,3
dciPOW-OvrAlmSig_NKWQ0001,dciPOW-OvrAlmSig,2
dfoPOW-OvrAlmSig_NKWQ0001,dfo,3
dacPOW-OvrAlmSig_NKWQ0001,dac,3
dalPOW-OvrAlmSig_NKWQ0001,dal,3
dciPOW-FltAlmSig_NKWQ0001,dciPOW-FltAlmSig,2
dfoPOW-FltAlmSig_NKWQ0001,dfo,3
dacPOW-FltAlmSig_NKWQ0001,dac,3
dalPOW-FltAlmSig_NKWQ0001,dal,3
dciPOW-ComSta_NKWQ0001,dciPOW-ComSta,2
dfoPOW-ComSta_NKWQ0001,dfo,3
dacPOW-ComSta_NKWQ0001,dac,3
dalPOW-ComSta_NKWQ0001,dal,3
ZCIPOWDDB_0007,DDB_0007,1
aciPOW-VoltA2_DDB_0007,aciPOW-VoltA2,2
afoPOW-VoltA2_DDB_0007,afo,3
aacPOW-VoltA2_DDB_0007,aac,3
aalPOW-VoltA2_DDB_0007,aal,3
aciPOW-VoltB2_DDB_0007,aciPOW-VoltB2,2
afoPOW-VoltB2_DDB_0007,afo,3
aacPOW-VoltB2_DDB_0007,aac,3
aalPOW-VoltB2_DDB_0007,aal,3
aciPOW-VoltC2_DDB_0007,aciPOW-VoltC2,2
afoPOW-VoltC2_DDB_0007,afo,3
aacPOW-VoltC2_DDB_0007,aac,3
aalPOW-VoltC2_DDB_0007,aal,3
aciPOW-PNoPow_DDB_0007,aciPOW-PNoPow,2
afoPOW-PNoPow_DDB_0007,afo,3
aacPOW-PNoPow_DDB_0007,aac,3
aalPOW-PNoPow_DDB_0007,aal,3
aciPOW-NNoPow_DDB_0007,aciPOW-NNoPow,2
afoPOW-NNoPow_DDB_0007,afo,3
aacPOW-NNoPow_DDB_0007,aac,3
aalPOW-NNoPow_DDB_0007,aal,3
aciPOW-PWithPow_DDB_0007,aciPOW-PWithPow,2
afoPOW-PWithPow_DDB_0007,afo,3
aacPOW-PWithPow_DDB_0007,aac,3
aalPOW-PWithPow_DDB_0007,aal,3
aciPOW-NWithPow_DDB_0007,aciPOW-NWithPow,2
afoPOW-NWithPow_DDB_0007,afo,3
aacPOW-NWithPow_DDB_0007,aac,3
aalPOW-NWithPow_DDB_0007,aal,3
aciPOW-PowFact_DDB_0007,aciPOW-PowFact,2
afoPOW-PowFact_DDB_0007,afo,3
aacPOW-PowFact_DDB_0007,aac,3
aalPOW-PowFact_DDB_0007,aal,3
dciPOW-MeterComm_DDB_0007,dciPOW-MeterComm,2
dfoPOW-MeterComm_DDB_0007,dfo,3
dacPOW-MeterComm_DDB_0007,dac,3
dalPOW-MeterComm_DDB_0007,dal,3
