sioPOW-HangMain_HVNK0001,Hang Maintain,seoZCIPOWHVNK0001-HangMain,sioPOW-HangMain
sioPOW-HangForb_HVNK0001,Hang Forbid,seoZCIPOWHVNK0001-HangForb,sioPOW-HangForb
sioPOW-HangGrnd_HVNK0001,Hang Ground,seoZCIPOWHVNK0001-HangGrnd,sioPOW-HangGrnd
sioPOW-IscsPow_HVNK0001,ISCS to PSCADA,seoZCIPOWHVNK0001-IscsPow,sioPOW-IscsPow
sioPOW-HangMain_NKNB0001,Hang Maintain,seoZCIPOWNKNB0001-HangMain,sioPOW-HangMain
sioPOW-HangForb_NKNB0001,Hang Forbid,seoZCIPOWNKNB0001-HangForb,sioPOW-HangForb
sioPOW-HangGrnd_NKNB0001,Hang Ground,seoZCIPOWNKNB0001-HangGrnd,sioPOW-HangGrnd
sioPOW-IscsPow_NKNB0001,ISCS to PSCADA,seoZCIPOWNKNB0001-IscsPow,sioPOW-IscsPow
sioPOW-HangMain_ZSKX0001,Hang Maintain,seoZCIPOWZSKX0001-HangMain,sioPOW-HangMain
sioPOW-HangForb_ZSKX0001,Hang Forbid,seoZCIPOWZSKX0001-HangForb,sioPOW-HangForb
sioPOW-HangGrnd_ZSKX0001,Hang Ground,seoZCIPOWZSKX0001-HangGrnd,sioPOW-HangGrnd
sioPOW-IscsPow_ZSKX0001,ISCS to PSCADA,seoZCIPOWZSKX0001-IscsPow,sioPOW-IscsPow
sioPOW-HangMain_NLDG0001,Hang Maintain,seoZCIPOWNLDG0001-HangMain,sioPOW-HangMain
sioPOW-HangForb_NLDG0001,Hang Forbid,seoZCIPOWNLDG0001-HangForb,sioPOW-HangForb
sioPOW-HangGrnd_NLDG0001,Hang Ground,seoZCIPOWNLDG0001-HangGrnd,sioPOW-HangGrnd
sioPOW-IscsPow_NLDG0001,ISCS to PSCADA,seoZCIPOWNLDG0001-IscsPow,sioPOW-IscsPow
