ID,__AGGREGATE__,label,link_object_is_from_object_type,ELEMENT_NAME,lk0,lk1,shortLabel,EqtLocation
:R:A:ZXN,,ZXN,,basicNode,,,,
:R:A:ZXN:link_geo_cat,,,,,:R:A:Opm:Definition:Location:ZXN,,,
:R:A:ZXN:BAS,,BAS,,basicNode,,,,
:R:A:ZXN:BAS:link_fct_cat,,,,,:R:A:Opm:Definition:Function:BAS,,,
:R:A:ZXN:BAS:TVF_0001,BAS_TVF_,&DB_TVF314A01,BASEquipment:BAS_TVF_,BASEquipment,,,&DB_SUIDAOSHIGUFENGJI,&DB_ZHANTINGZUODUANHUOSAIFENGDAO
:R:A:ZXN:BAS:TVF_0002,BAS_TVF_,&DB_TVF314A02,BASEquipment:BAS_TVF_,BASEquipment,,,&DB_SUIDAOSHIGUFENGJI,&DB_ZHANTINGZUODUANHUOSAIFENGDAO
:R:A:ZXN:BAS:TEF_0001,BAS_TEF_,&DB_TEF314A01,BASEquipment:BAS_TEF_,BASEquipment,,,&DB_PAIREFENGJI,&DB_SHEBEICENGZUODUANPAIREFENGDAO
:R:A:ZXN:BAS:TVFB0001,BAS_TVFB,&DB_SDT3141A01,BASEquipment:BAS_TVFB,BASEquipment,,,&DB_SUIDAOSHIGUFENGJIYIBIAOXIAN,&DB_ZHANTINGADUANHUANKONGDIANKONGSHI
:R:A:ZXN:BAS:TVFB0002,BAS_TVFB,&DB_SDT3141A02,BASEquipment:BAS_TVFB,BASEquipment,,,&DB_SUIDAOSHIGUFENGJIYIBIAOXIAN,&DB_ZHANTINGADUANHUANKONGDIANKONGSHI
:R:A:ZXN:BAS:TEFB0001,BAS_TEFB,&DB_SDT31413,BASEquipment:BAS_TEFB,BASEquipment,,,&DB_PAIREFENGJIYIBIAOXIANG,&DB_ZHANTINGADUANHUANKONGDIANKONGSHI
:R:A:ZXN:BAS:DDZF0001,BAS_DDZF,&DB_MD314A01,BASEquipment:BAS_DDZF,BASEquipment,,,&DB_DIANDONGZUHEFENGFA,&DB_ZHANTINGZUODUANHUOSAIFENGDAO
:R:A:ZXN:BAS:DDZF0002,BAS_DDZF,&DB_MD314A02,BASEquipment:BAS_DDZF,BASEquipment,,,&DB_DIANDONGZUHEFENGFA,&DB_ZHANTINGZUODUANHUOSAIFENGDAO
:R:A:ZXN:BAS:DDZF0003,BAS_DDZF,&DB_MD314A03,BASEquipment:BAS_DDZF,BASEquipment,,,&DB_DIANDONGZUHEFENGFA,&DB_SHEBEICENGZUODUANHUOSAIFENGDAO
:R:A:ZXN:BAS:DDZF0003,BAS_DDZF,&DB_MD314A03,BASEquipment:BAS_DDZF,BASEquipment,,,&DB_DIANDONGZUHEFENGFA,&DB_ZHANTINGZUODUANHUOSAIFENGDAO
:R:A:ZXN:BAS:DDZF0004,BAS_DDZF,&DB_MD314A04,BASEquipment:BAS_DDZF,BASEquipment,,,&DB_DIANDONGZUHEFENGFA,&DB_SHEBEICENGZUODUANHUOSAIFENGDAO
:R:A:ZXN:BAS:DDZF0005,BAS_DDZF,&DB_MD314A05,BASEquipment:BAS_DDZF,BASEquipment,,,&DB_DIANDONGZUHEFENGFA,&DB_ZHANTINGZUODUANHUOSAIFENGDAO
:R:A:ZXN:BAS:DDZF0006,BAS_DDZF,&DB_MD314A06,BASEquipment:BAS_DDZF,BASEquipment,,,&DB_DIANDONGZUHEFENGFA,&DB_ZHANTINGZUODUANHUOSAIFENGDAO
:R:A:ZXN:BAS:DDZF0007,BAS_DDZF,&DB_MD314A07,BASEquipment:BAS_DDZF,BASEquipment,,,&DB_DIANDONGZUHEFENGFA,&DB_SHEBEICENGZUODUANHUOSAIFENGDAO
:R:A:ZXN:BAS:DDZF0008,BAS_DDZF,&DB_MD314A08,BASEquipment:BAS_DDZF,BASEquipment,,,&DB_DIANDONGZUHEFENGFA,&DB_SHEBEICENGZUODUANHUOSAIFENGDAO
:R:A:ZXN:BAS:DDZF0009,BAS_DDZF,&DB_MD314A09,BASEquipment:BAS_DDZF,BASEquipment,,,&DB_DIANDONGZUHEFENGFA,&DB_ZHANTAIZUODUANPAIREFENGSHI
:R:A:ZXN:BAS:DDZF0010,BAS_DDZF,&DB_MD314A10,BASEquipment:BAS_DDZF,BASEquipment,,,&DB_DIANDONGZUHEFENGFA,&DB_ZHANTAIZUODUANPAIREFENGSHI
:R:A:ZXN:BAS:DDZF0011,BAS_DDZF,&DB_MD314A11,BASEquipment:BAS_DDZF,BASEquipment,,,&DB_DIANDONGZUHEFENGFA,&DB_ZHANTAIZUODUANPAIREFENGSHI
:R:A:ZXN:BAS:DDZF0012,BAS_DDZF,&DB_MD314A12,BASEquipment:BAS_DDZF,BASEquipment,,,&DB_DIANDONGZUHEFENGFA,&DB_ZHANTAIZUODUANPAIREFENGSHI
:R:A:ZXN:BAS:TVF_0003,BAS_TVF_,&DB_TVF314B01,BASEquipment:BAS_TVF_,BASEquipment,,,&DB_SUIDAOSHIGUFENGJI,&DB_SHEBEICENGYOUDUANHUOSAIFENGDAO
:R:A:ZXN:BAS:TVF_0004,BAS_TVF_,&DB_TVF314B02,BASEquipment:BAS_TVF_,BASEquipment,,,&DB_SUIDAOSHIGUFENGJI,&DB_SHEBEICENGYOUDUANHUOSAIFENGDAO
:R:A:ZXN:BAS:TEF_0002,BAS_TEF_,&DB_TEF314B01,BASEquipment:BAS_TEF_,BASEquipment,,,&DB_PAIREFENGJI,&DB_SHEBEICENGYOUDUANPAIREFENGDAO
:R:A:ZXN:BAS:TVFB0003,BAS_TVFB,&DB_SDT3147B01,BASEquipment:BAS_TVFB,BASEquipment,,,&DB_SUIDAOSHIGUFENGJIYIBIAOXIAN,&DB_SHEBEICENGBDUANHUANKONGDIANKONGSHI
:R:A:ZXN:BAS:TVFB0004,BAS_TVFB,&DB_SDT3147B02,BASEquipment:BAS_TVFB,BASEquipment,,,&DB_SUIDAOSHIGUFENGJIYIBIAOXIAN,&DB_SHEBEICENGBDUANHUANKONGDIANKONGSHI
:R:A:ZXN:BAS:TEFB0002,BAS_TEFB,&DB_SDT31416,BASEquipment:BAS_TEFB,BASEquipment,,,&DB_PAIREFENGJIYIBIAOXIANG,&DB_SHEBEICENGBDUANHUANKONGDIANKONGSHI
:R:A:ZXN:BAS:DDZF0013,BAS_DDZF,&DB_MD314B01,BASEquipment:BAS_DDZF,BASEquipment,,,&DB_DIANDONGZUHEFENGFA,&DB_SHEBEICENGYOUDUANHUOSAIFENGDAO
:R:A:ZXN:BAS:DDZF0014,BAS_DDZF,&DB_MD314B02,BASEquipment:BAS_DDZF,BASEquipment,,,&DB_DIANDONGZUHEFENGFA,&DB_SHEBEICENGYOUDUANHUOSAIFENGDAO
:R:A:ZXN:BAS:DDZF0015,BAS_DDZF,&DB_MD314B03,BASEquipment:BAS_DDZF,BASEquipment,,,&DB_DIANDONGZUHEFENGFA,&DB_SHEBEICENGYOUDUANHUOSAIFENGDAO
:R:A:ZXN:BAS:DDZF0016,BAS_DDZF,&DB_MD314B04,BASEquipment:BAS_DDZF,BASEquipment,,,&DB_DIANDONGZUHEFENGFA,&DB_SHEBEICENGYOUDUANHUOSAIFENGDAO
:R:A:ZXN:BAS:DDZF0017,BAS_DDZF,&DB_MD314B05,BASEquipment:BAS_DDZF,BASEquipment,,,&DB_DIANDONGZUHEFENGFA,&DB_SHEBEICENGYOUDUANHUOSAIFENGDAO
:R:A:ZXN:BAS:DDZF0018,BAS_DDZF,&DB_MD314B06,BASEquipment:BAS_DDZF,BASEquipment,,,&DB_DIANDONGZUHEFENGFA,&DB_SHEBEICENGYOUDUANHUOSAIFENGDAO
:R:A:ZXN:BAS:DDZF0019,BAS_DDZF,&DB_MD314B07,BASEquipment:BAS_DDZF,BASEquipment,,,&DB_DIANDONGZUHEFENGFA,&DB_SHEBEICENGYOUDUANHUOSAIFENGDAO
:R:A:ZXN:BAS:DDZF0020,BAS_DDZF,&DB_MD314B08,BASEquipment:BAS_DDZF,BASEquipment,,,&DB_DIANDONGZUHEFENGFA,&DB_SHEBEICENGYOUDUANHUOSAIFENGDAO
:R:A:ZXN:BAS:DDZF0021,BAS_DDZF,&DB_MD314B09,BASEquipment:BAS_DDZF,BASEquipment,,,&DB_DIANDONGZUHEFENGFA,&DB_ZHANTAIYOUDUANHUOPAIREFENGSHI
:R:A:ZXN:BAS:DDZF0022,BAS_DDZF,&DB_MD314B10,BASEquipment:BAS_DDZF,BASEquipment,,,&DB_DIANDONGZUHEFENGFA,&DB_ZHANTAIYOUDUANHUOPAIREFENGSHI
:R:A:ZXN:BAS:DDZF0023,BAS_DDZF,&DB_MD314B11,BASEquipment:BAS_DDZF,BASEquipment,,,&DB_DIANDONGZUHEFENGFA,&DB_ZHANTAIYOUDUANHUOPAIREFENGSHI
:R:A:ZXN:BAS:DDZF0024,BAS_DDZF,&DB_MD314B12,BASEquipment:BAS_DDZF,BASEquipment,,,&DB_DIANDONGZUHEFENGFA,&DB_ZHANTAIYOUDUANHUOPAIREFENGSHI
:R:A:ZXN:BAS:AHUD0001,BAS_AHUD,&DB_AHUA01,BASEquipment:BAS_AHUD,BASEquipment,,,&DB_DAXITONGZUHEKONGTIAOJIZU,&DB_SHEBEICENGZUODUANHUANKONGJIFANG
:R:A:ZXN:BAS:HPFD0001,BAS_HPFD,&DB_RAFEAFA01,BASEquipment:BAS_HPFD,BASEquipment,,,&DB_DAXITONGHUIPAIFENGJI,&DB_SHEBEICENGZUODUANHUANKONGJIFANG
:R:A:ZXN:BAS:FAND0001,BAS_FAND,&DB_SEFA01,BASEquipment:BAS_FAND,BASEquipment,,,&DB_DAXITONGDANSUFENGJI,&DB_ZHANTINGZUODUANHUANKONGJIFANG
:R:A:ZXN:BAS:FAND0002,BAS_FAND,&DB_FAFA01,BASEquipment:BAS_FAND,BASEquipment,,,&DB_DAXITONGDANSUFENGJI,&DB_SHEBEICENGZUODUANHUANKONGJIFANG
:R:A:ZXN:BAS:FAND0002,BAS_FAND,&DB_FAFA01,BASEquipment:BAS_FAND,BASEquipment,,,&DB_DAXITONGDANSUFENGJI,&DB_ZHANTINGZUODUANHUANKONGJIFANG
:R:A:ZXN:BAS:JDCC0001,BAS_JDCC,&DB_KQA01,BASEquipment:BAS_JDCC,BASEquipment,,,&DB_JINGDIANCHUCHENZHUANGZHI,&DB_SHEBEICENGZUODUANHUANKONGJIFANG
:R:A:ZXN:BAS:KQJC0001,BAS_KQJC,&DB_ZXA01,BASEquipment:BAS_KQJC,BASEquipment,,,&DB_KONGQIZAIXIANJIANCEZHUANGZH,&DB_AHUA01CEBISHANG
:R:A:ZXN:BAS:KQJC0002,BAS_KQJC,&DB_ZXA02,BASEquipment:BAS_KQJC,BASEquipment,,,&DB_KONGQIZAIXIANJIANCEZHUANGZH,&DB_AHUA01CEBISHANG
:R:A:ZXN:BAS:DDFD0001,BAS_DDFD,&DB_MDA01,BASEquipment:BAS_DDFD,BASEquipment,,,&DB_DAXITONGDIANDONGFENGFA,&DB_SHEBEICENGZUODUANHUANKONGJIFANG
:R:A:ZXN:BAS:DDFD0002,BAS_DDFD,&DB_MDA02,BASEquipment:BAS_DDFD,BASEquipment,,,&DB_DAXITONGDIANDONGFENGFA,&DB_SHEBEICENGZUODUANHUANKONGJIFANG
:R:A:ZXN:BAS:DDFD0003,BAS_DDFD,&DB_MDA03,BASEquipment:BAS_DDFD,BASEquipment,,,&DB_DAXITONGDIANDONGFENGFA,&DB_SHEBEICENGZUODUANHUANKONGJIFANG
:R:A:ZXN:BAS:DDFD0004,BAS_DDFD,&DB_MDA04,BASEquipment:BAS_DDFD,BASEquipment,,,&DB_DAXITONGDIANDONGFENGFA,&DB_SHEBEICENGZUODUANHUANKONGJIFANG
:R:A:ZXN:BAS:DDFD0005,BAS_DDFD,&DB_MDA05,BASEquipment:BAS_DDFD,BASEquipment,,,&DB_DAXITONGDIANDONGFENGFA,&DB_SHEBEICENGZUODUANHUANKONGJIFANG
:R:A:ZXN:BAS:DDFD0006,BAS_DDFD,&DB_MDA06,BASEquipment:BAS_DDFD,BASEquipment,,,&DB_DAXITONGDIANDONGFENGFA,&DB_ZHANTINGZUODUANHUANKONGJIFANG
:R:A:ZXN:BAS:DDFD0007,BAS_DDFD,&DB_MDA07,BASEquipment:BAS_DDFD,BASEquipment,,,&DB_DAXITONGDIANDONGFENGFA,&DB_ZHANTINGZUODUANNEIZOUDAO
:R:A:ZXN:BAS:DDFD0008,BAS_DDFD,&DB_MDA08,BASEquipment:BAS_DDFD,BASEquipment,,,&DB_DAXITONGDIANDONGFENGFA,&DB_SHEBEICENGZUODUANHUANKONGJIFANG
:R:A:ZXN:BAS:DDFD0009,BAS_DDFD,&DB_MDA09,BASEquipment:BAS_DDFD,BASEquipment,,,&DB_DAXITONGDIANDONGFENGFA,&DB_SHEBEICENGZUODUANHUANKONGJIFANG
:R:A:ZXN:BAS:DDFR0001,BAS_DDFR,&DB_MDA10,BASEquipment:BAS_DDFR,BASEquipment,,,&DB_RENFANGTONGFENGXITONGDIANDO,&DB_SHEBEICENGZUODUANHUANKONGJIFANG
:R:A:ZXN:BAS:AHUD0002,BAS_AHUD,&DB_AHUB01,BASEquipment:BAS_AHUD,BASEquipment,,,&DB_DAXITONGZUHEKONGTIAOJIZU,&DB_SHEBEICENGYOUDUANHUANKONGJIFANG
:R:A:ZXN:BAS:HPFD0002,BAS_HPFD,&DB_RAFEAFB01,BASEquipment:BAS_HPFD,BASEquipment,,,&DB_DAXITONGHUIPAIFENGJI,&DB_SHEBEICENGYOUDUANHUANKONGJIFANG
:R:A:ZXN:BAS:FAND0003,BAS_FAND,&DB_SEFB01,BASEquipment:BAS_FAND,BASEquipment,,,&DB_DAXITONGDANSUFENGJI,&DB_ZHANTINGYOUDUANHUANKONGJIFANG
:R:A:ZXN:BAS:FAND0004,BAS_FAND,&DB_FAFB01,BASEquipment:BAS_FAND,BASEquipment,,,&DB_DAXITONGDANSUFENGJI,&DB_SHEBEICENGYOUDUANHUANKONGJIFANG
:R:A:ZXN:BAS:FAND0004,BAS_FAND,&DB_FAFB01,BASEquipment:BAS_FAND,BASEquipment,,,&DB_DAXITONGDANSUFENGJI,&DB_ZHANTINGYOUDUANHUANKONGJIFANG
:R:A:ZXN:BAS:JDCC0002,BAS_JDCC,&DB_KQB01,BASEquipment:BAS_JDCC,BASEquipment,,,&DB_JINGDIANCHUCHENZHUANGZHI,&DB_SHEBEICENGYOUDUANHUANKONGJIFANG
:R:A:ZXN:BAS:KQJC0003,BAS_KQJC,&DB_ZXB01,BASEquipment:BAS_KQJC,BASEquipment,,,&DB_KONGQIZAIXIANJIANCEZHUANGZH,&DB_AHUB01CEBISHANG
:R:A:ZXN:BAS:KQJC0004,BAS_KQJC,&DB_ZXB02,BASEquipment:BAS_KQJC,BASEquipment,,,&DB_KONGQIZAIXIANJIANCEZHUANGZH,&DB_AHUB01CEBISHANG
:R:A:ZXN:BAS:DDFD0010,BAS_DDFD,&DB_MDB01,BASEquipment:BAS_DDFD,BASEquipment,,,&DB_DAXITONGDIANDONGFENGFA,&DB_SHEBEICENGYOUDUANHUANKONGJIFANG
:R:A:ZXN:BAS:DDFD0011,BAS_DDFD,&DB_MDB02,BASEquipment:BAS_DDFD,BASEquipment,,,&DB_DAXITONGDIANDONGFENGFA,&DB_SHEBEICENGYOUDUANHUANKONGJIFANG
:R:A:ZXN:BAS:DDFD0012,BAS_DDFD,&DB_MDB03,BASEquipment:BAS_DDFD,BASEquipment,,,&DB_DAXITONGDIANDONGFENGFA,&DB_SHEBEICENGYOUDUANHUANKONGJIFANG
:R:A:ZXN:BAS:DDFD0013,BAS_DDFD,&DB_MDB04,BASEquipment:BAS_DDFD,BASEquipment,,,&DB_DAXITONGDIANDONGFENGFA,&DB_SHEBEICENGYOUDUANHUANKONGJIFANG
:R:A:ZXN:BAS:DDFD0014,BAS_DDFD,&DB_MDB05,BASEquipment:BAS_DDFD,BASEquipment,,,&DB_DAXITONGDIANDONGFENGFA,&DB_SHEBEICENGYOUDUANHUANKONGJIFANG
:R:A:ZXN:BAS:DDFD0015,BAS_DDFD,&DB_MDB06,BASEquipment:BAS_DDFD,BASEquipment,,,&DB_DAXITONGDIANDONGFENGFA,&DB_ZHANTINGYOUDUANHUANKONGJIFANG
:R:A:ZXN:BAS:DDFD0016,BAS_DDFD,&DB_MDB07,BASEquipment:BAS_DDFD,BASEquipment,,,&DB_DAXITONGDIANDONGFENGFA,&DB_ZHANTINGYOUDUANGONGGONGQU
:R:A:ZXN:BAS:DDFD0017,BAS_DDFD,&DB_MDB08,BASEquipment:BAS_DDFD,BASEquipment,,,&DB_DAXITONGDIANDONGFENGFA,&DB_SHEBEICENGYOUDUANHUANKONGJIFANG
:R:A:ZXN:BAS:DDFD0018,BAS_DDFD,&DB_MDB09,BASEquipment:BAS_DDFD,BASEquipment,,,&DB_DAXITONGDIANDONGFENGFA,&DB_SHEBEICENGYOUDUANHUANKONGJIFANG
:R:A:ZXN:BAS:DDFR0002,BAS_DDFR,&DB_MDB10,BASEquipment:BAS_DDFR,BASEquipment,,,&DB_RENFANGTONGFENGXITONGDIANDO,&DB_SHEBEICENGYOUDUANHUANKONGJIFANG
:R:A:ZXN:BAS:FANX0001,BAS_FANX,&DB_AHUA101,BASEquipment:BAS_FANX,BASEquipment,,,&DB_XIAOXITONGDANSUFENGJI,&DB_SHEBEICENGZUODUANHUANKONGJIFANG
:R:A:ZXN:BAS:FANX0002,BAS_FANX,&DB_RAFEAFA101,BASEquipment:BAS_FANX,BASEquipment,,,&DB_XIAOXITONGDANSUFENGJI,&DB_SHEBEICENGZUODUANHUANKONGJIFANG
:R:A:ZXN:BAS:FANX0003,BAS_FANX,&DB_FAFA101,BASEquipment:BAS_FANX,BASEquipment,,,&DB_XIAOXITONGDANSUFENGJI,&DB_SHEBEICENGZUODUANHUANKONGJIFANG
:R:A:ZXN:BAS:FANX0004,BAS_FANX,&DB_AHUA201,BASEquipment:BAS_FANX,BASEquipment,,,&DB_XIAOXITONGDANSUFENGJI,&DB_SHEBEICENGZUODUANHUANKONGJIFANG
:R:A:ZXN:BAS:FANX0005,BAS_FANX,&DB_RAFEAFA201,BASEquipment:BAS_FANX,BASEquipment,,,&DB_XIAOXITONGDANSUFENGJI,&DB_SHEBEICENGZUODUANHUANKONGJIFANG
:R:A:ZXN:BAS:FANX0006,BAS_FANX,&DB_AHUA301,BASEquipment:BAS_FANX,BASEquipment,,,&DB_XIAOXITONGDANSUFENGJI,&DB_SHEBEICENGZUODUANHUANKONGJIFANG
:R:A:ZXN:BAS:FANX0007,BAS_FANX,&DB_RAFEAFA301,BASEquipment:BAS_FANX,BASEquipment,,,&DB_XIAOXITONGDANSUFENGJI,&DB_SHEBEICENGZUODUANHUANKONGJIFANG
:R:A:ZXN:BAS:FANX0008,BAS_FANX,&DB_FAFA401,BASEquipment:BAS_FANX,BASEquipment,,,&DB_XIAOXITONGDANSUFENGJI,&DB_SHEBEICENGZUODUANHUANKONGJIFANG
:R:A:ZXN:BAS:FANX0009,BAS_FANX,&DB_EAFA401,BASEquipment:BAS_FANX,BASEquipment,,,&DB_XIAOXITONGDANSUFENGJI,&DB_SHEBEICENGZUODUANHUANKONGJIFANG
:R:A:ZXN:BAS:FANX0010,BAS_FANX,&DB_SEFA401,BASEquipment:BAS_FANX,BASEquipment,,,&DB_XIAOXITONGDANSUFENGJI,&DB_SHEBEICENGZUODUANHUANKONGJIFANG
:R:A:ZXN:BAS:FANX0011,BAS_FANX,&DB_FAFA402,BASEquipment:BAS_FANX,BASEquipment,,,&DB_XIAOXITONGDANSUFENGJI,&DB_SHEBEICENGZUODUANHUANKONGJIFANG
:R:A:ZXN:BAS:FANX0012,BAS_FANX,&DB_EAFA501,BASEquipment:BAS_FANX,BASEquipment,,,&DB_XIAOXITONGDANSUFENGJI,&DB_SHEBEICENGZUODUANHUANKONGJIFANG
:R:A:ZXN:BAS:FANX0013,BAS_FANX,&DB_FAFA601,BASEquipment:BAS_FANX,BASEquipment,,,&DB_XIAOXITONGDANSUFENGJI,&DB_SHEBEICENGZUODUANHUANKONGJIFANG
:R:A:ZXN:BAS:FANX0014,BAS_FANX,&DB_EAFA601,BASEquipment:BAS_FANX,BASEquipment,,,&DB_XIAOXITONGDANSUFENGJI,&DB_SHEBEICENGZUODUANHUANKONGJIFANG
:R:A:ZXN:BAS:FANX0015,BAS_FANX,&DB_SEFA601,BASEquipment:BAS_FANX,BASEquipment,,,&DB_XIAOXITONGDANSUFENGJI,&DB_SHEBEICENGZUODUANHUANKONGJIFANG
:R:A:ZXN:BAS:FANX0016,BAS_FANX,&DB_FAFA602,BASEquipment:BAS_FANX,BASEquipment,,,&DB_XIAOXITONGDANSUFENGJI,&DB_SHEBEICENGZUODUANHUANKONGJIFANG
:R:A:ZXN:BAS:FANX0017,BAS_FANX,&DB_FAFA701,BASEquipment:BAS_FANX,BASEquipment,,,&DB_XIAOXITONGDANSUFENGJI,&DB_SHEBEICENGZUODUANHUANKONGJIFANG
:R:A:ZXN:BAS:FANX0018,BAS_FANX,&DB_EAFA701,BASEquipment:BAS_FANX,BASEquipment,,,&DB_XIAOXITONGDANSUFENGJI,&DB_SHEBEICENGZUODUANHUANKONGJIFANG
:R:A:ZXN:BAS:FANX0019,BAS_FANX,&DB_SEFA701,BASEquipment:BAS_FANX,BASEquipment,,,&DB_XIAOXITONGDANSUFENGJI,&DB_SHEBEICENGZUODUANHUANKONGJIFANG
:R:A:ZXN:BAS:FANX0020,BAS_FANX,&DB_FAFA801,BASEquipment:BAS_FANX,BASEquipment,,,&DB_XIAOXITONGDANSUFENGJI,&DB_SHEBEICENGZUODUANHUANKONGJIFANG
:R:A:ZXN:BAS:FANX0021,BAS_FANX,&DB_FAFA802,BASEquipment:BAS_FANX,BASEquipment,,,&DB_XIAOXITONGDANSUFENGJI,&DB_SHEBEICENGZUODUANHUANKONGJIFANG
:R:A:ZXN:BAS:FANX0022,BAS_FANX,&DB_RFSA01,BASEquipment:BAS_FANX,BASEquipment,,,&DB_XIAOXITONGDANSUFENGJI,&DB_SHEBEICENGYOUDUANHUANKONGJIFANG
:R:A:ZXN:BAS:JDCC0003,BAS_JDCC,&DB_KQA101,BASEquipment:BAS_JDCC,BASEquipment,,,&DB_JINGDIANCHUCHENZHUANGZHI,&DB_SHEBEICENGZUODUANHUANKONGJIFANGKONGTIAOQIAHUA101NEI
:R:A:ZXN:BAS:JDCC0004,BAS_JDCC,&DB_KQA201,BASEquipment:BAS_JDCC,BASEquipment,,,&DB_JINGDIANCHUCHENZHUANGZHI,&DB_SHEBEICENGZUODUANHUANKONGJIFANGKONGTIAOQIAHUA201NEI
:R:A:ZXN:BAS:DDFX0001,BAS_DDFX,&DB_MDA101,BASEquipment:BAS_DDFX,BASEquipment,,,&DB_XIAOXITONGDIANDONGFENGFA,&DB_SHEBEICENGZUODUANHUANKONGJIFANG
:R:A:ZXN:BAS:DDFX0002,BAS_DDFX,&DB_MDA102,BASEquipment:BAS_DDFX,BASEquipment,,,&DB_XIAOXITONGDIANDONGFENGFA,&DB_SHEBEICENGZUODUANHUANKONGJIFANG
:R:A:ZXN:BAS:DDFX0003,BAS_DDFX,&DB_MDA103,BASEquipment:BAS_DDFX,BASEquipment,,,&DB_XIAOXITONGDIANDONGFENGFA,&DB_SHEBEICENGZUODUANHUANKONGJIFANG
:R:A:ZXN:BAS:DDFX0004,BAS_DDFX,&DB_MDA104,BASEquipment:BAS_DDFX,BASEquipment,,,&DB_XIAOXITONGDIANDONGFENGFA,&DB_SHEBEICENGZUODUANHUANKONGJIFANG
:R:A:ZXN:BAS:DDFX0005,BAS_DDFX,&DB_MDA105,BASEquipment:BAS_DDFX,BASEquipment,,,&DB_XIAOXITONGDIANDONGFENGFA,&DB_SHEBEICENGZUODUANHUANKONGJIFANG
:R:A:ZXN:BAS:DDFX0006,BAS_DDFX,&DB_MDA106,BASEquipment:BAS_DDFX,BASEquipment,,,&DB_XIAOXITONGDIANDONGFENGFA,&DB_SHEBEICENGZUODUANHUANKONGJIFANG
:R:A:ZXN:BAS:DDFX0007,BAS_DDFX,&DB_MDA201,BASEquipment:BAS_DDFX,BASEquipment,,,&DB_XIAOXITONGDIANDONGFENGFA,&DB_SHEBEICENGZUODUANHUANKONGJIFANG
:R:A:ZXN:BAS:DDFX0008,BAS_DDFX,&DB_MDA202,BASEquipment:BAS_DDFX,BASEquipment,,,&DB_XIAOXITONGDIANDONGFENGFA,&DB_SHEBEICENGZUODUANHUANKONGJIFANG
:R:A:ZXN:BAS:DDFX0009,BAS_DDFX,&DB_MDA203,BASEquipment:BAS_DDFX,BASEquipment,,,&DB_XIAOXITONGDIANDONGFENGFA,&DB_SHEBEICENGZUODUANHUANKONGJIFANG
:R:A:ZXN:BAS:DDFX0010,BAS_DDFX,&DB_MDA204,BASEquipment:BAS_DDFX,BASEquipment,,,&DB_XIAOXITONGDIANDONGFENGFA,&DB_SHEBEICENGZUODUANHUANKONGJIFANG
:R:A:ZXN:BAS:DDFX0011,BAS_DDFX,&DB_MDA205,BASEquipment:BAS_DDFX,BASEquipment,,,&DB_XIAOXITONGDIANDONGFENGFA,&DB_SHEBEICENGZUODUANHUANKONGJIFANG
:R:A:ZXN:BAS:DDFX0012,BAS_DDFX,&DB_MDA301,BASEquipment:BAS_DDFX,BASEquipment,,,&DB_XIAOXITONGDIANDONGFENGFA,&DB_SHEBEICENGZUODUANHUANKONGJIFANG
:R:A:ZXN:BAS:DDFX0013,BAS_DDFX,&DB_MDA302,BASEquipment:BAS_DDFX,BASEquipment,,,&DB_XIAOXITONGDIANDONGFENGFA,&DB_SHEBEICENGZUODUANHUANKONGJIFANG
:R:A:ZXN:BAS:DDFX0014,BAS_DDFX,&DB_MDA303,BASEquipment:BAS_DDFX,BASEquipment,,,&DB_XIAOXITONGDIANDONGFENGFA,&DB_SHEBEICENGZUODUANHUANKONGJIFANG
:R:A:ZXN:BAS:DDFX0015,BAS_DDFX,&DB_MDA304,BASEquipment:BAS_DDFX,BASEquipment,,,&DB_XIAOXITONGDIANDONGFENGFA,&DB_SHEBEICENGZUODUANHUANKONGJIFANG
:R:A:ZXN:BAS:DDFX0016,BAS_DDFX,&DB_MDA305,BASEquipment:BAS_DDFX,BASEquipment,,,&DB_XIAOXITONGDIANDONGFENGFA,&DB_SHEBEICENGZUODUANHUANKONGJIFANG
:R:A:ZXN:BAS:DDFX0017,BAS_DDFX,&DB_MDA401,BASEquipment:BAS_DDFX,BASEquipment,,,&DB_XIAOXITONGDIANDONGFENGFA,&DB_ZHANTINGZUODUANHUANKONGJIFANG
:R:A:ZXN:BAS:DDFX0018,BAS_DDFX,&DB_MDA402,BASEquipment:BAS_DDFX,BASEquipment,,,&DB_XIAOXITONGDIANDONGFENGFA,&DB_ZHANTINGZUODUANHUANKONGJIFANG
:R:A:ZXN:BAS:DDFX0019,BAS_DDFX,&DB_MDA403,BASEquipment:BAS_DDFX,BASEquipment,,,&DB_XIAOXITONGDIANDONGFENGFA,&DB_ZHANTINGZUODUANHUANKONGJIFANG
:R:A:ZXN:BAS:DDFX0020,BAS_DDFX,&DB_MDA404,BASEquipment:BAS_DDFX,BASEquipment,,,&DB_XIAOXITONGDIANDONGFENGFA,&DB_ZHANTINGZUODUANHUANKONGJIFANG
:R:A:ZXN:BAS:DDFX0021,BAS_DDFX,&DB_MDA405,BASEquipment:BAS_DDFX,BASEquipment,,,&DB_XIAOXITONGDIANDONGFENGFA,&DB_ZHANTINGZUODUANHUANKONGJIFANG
:R:A:ZXN:BAS:DDFX0022,BAS_DDFX,&DB_MDA406,BASEquipment:BAS_DDFX,BASEquipment,,,&DB_XIAOXITONGDIANDONGFENGFA,&DB_ZHANTINGZUODUANXIAOFANGBENGFANG
:R:A:ZXN:BAS:DDFX0023,BAS_DDFX,&DB_MDA407,BASEquipment:BAS_DDFX,BASEquipment,,,&DB_XIAOXITONGDIANDONGFENGFA,&DB_ZHANTINGZUODUANKONGZHISHI
:R:A:ZXN:BAS:DDFX0024,BAS_DDFX,&DB_MDA501,BASEquipment:BAS_DDFX,BASEquipment,,,&DB_XIAOXITONGDIANDONGFENGFA,&DB_ZHANTINGZUODUANHUANKONGJIFANG
:R:A:ZXN:BAS:DDFX0025,BAS_DDFX,&DB_MDA601,BASEquipment:BAS_DDFX,BASEquipment,,,&DB_XIAOXITONGDIANDONGFENGFA,&DB_SHEBEICENGZUODUANHUANKONGJIFANG
:R:A:ZXN:BAS:DDFX0026,BAS_DDFX,&DB_MDA602,BASEquipment:BAS_DDFX,BASEquipment,,,&DB_XIAOXITONGDIANDONGFENGFA,&DB_SHEBEICENGZUODUANHUANKONGJIFANG
:R:A:ZXN:BAS:DDFX0027,BAS_DDFX,&DB_MDA603,BASEquipment:BAS_DDFX,BASEquipment,,,&DB_XIAOXITONGDIANDONGFENGFA,&DB_SHEBEICENGZUODUANHUANKONGJIFANG
:R:A:ZXN:BAS:DDFX0028,BAS_DDFX,&DB_MDA604,BASEquipment:BAS_DDFX,BASEquipment,,,&DB_XIAOXITONGDIANDONGFENGFA,&DB_SHEBEICENGZUODUANHUANKONGJIFANG
:R:A:ZXN:BAS:DDFX0029,BAS_DDFX,&DB_MDA701,BASEquipment:BAS_DDFX,BASEquipment,,,&DB_XIAOXITONGDIANDONGFENGFA,&DB_SHEBEICENGZUODUANHUANKONGJIFANG
:R:A:ZXN:BAS:DDFX0030,BAS_DDFX,&DB_MDA702,BASEquipment:BAS_DDFX,BASEquipment,,,&DB_XIAOXITONGDIANDONGFENGFA,&DB_SHEBEICENGZUODUANHUANKONGJIFANG
:R:A:ZXN:BAS:DDFX0031,BAS_DDFX,&DB_MDA703,BASEquipment:BAS_DDFX,BASEquipment,,,&DB_XIAOXITONGDIANDONGFENGFA,&DB_SHEBEICENGZUODUANHUANKONGJIFANG
:R:A:ZXN:BAS:DDFX0032,BAS_DDFX,&DB_MDA801,BASEquipment:BAS_DDFX,BASEquipment,,,&DB_XIAOXITONGDIANDONGFENGFA,&DB_SHEBEICENGZUODUANHUANKONGJIFANG
:R:A:ZXN:BAS:DDFX0033,BAS_DDFX,&DB_MDA802,BASEquipment:BAS_DDFX,BASEquipment,,,&DB_XIAOXITONGDIANDONGFENGFA,&DB_ZUODUAN1LOUTIJIANDING
:R:A:ZXN:BAS:FANX0023,BAS_FANX,&DB_AHUB101,BASEquipment:BAS_FANX,BASEquipment,,,&DB_XIAOXITONGDANSUFENGJI,&DB_SHEBEICENGYOUDUANHUANKONGJIFANG
:R:A:ZXN:BAS:FANX0024,BAS_FANX,&DB_RAFEAFB101,BASEquipment:BAS_FANX,BASEquipment,,,&DB_XIAOXITONGDANSUFENGJI,&DB_SHEBEICENGYOUDUANHUANKONGJIFANG
:R:A:ZXN:BAS:FANX0025,BAS_FANX,&DB_EAFB201,BASEquipment:BAS_FANX,BASEquipment,,,&DB_XIAOXITONGDANSUFENGJI,&DB_ZHANTINGYOUDUANHUANKONGJIFANG
:R:A:ZXN:BAS:FANX0026,BAS_FANX,&DB_FAFB301,BASEquipment:BAS_FANX,BASEquipment,,,&DB_XIAOXITONGDANSUFENGJI,&DB_SHEBEICENGYOUDUANHUANKONGJIFANG
:R:A:ZXN:BAS:FANX0027,BAS_FANX,&DB_EAFB301,BASEquipment:BAS_FANX,BASEquipment,,,&DB_XIAOXITONGDANSUFENGJI,&DB_SHEBEICENGYOUDUANHUANKONGJIFANG
:R:A:ZXN:BAS:FANX0028,BAS_FANX,&DB_SEFB301,BASEquipment:BAS_FANX,BASEquipment,,,&DB_XIAOXITONGDANSUFENGJI,&DB_SHEBEICENGYOUDUANHUANKONGJIFANG
:R:A:ZXN:BAS:FANX0029,BAS_FANX,&DB_FAFB401,BASEquipment:BAS_FANX,BASEquipment,,,&DB_XIAOXITONGDANSUFENGJI,&DB_SHEBEICENGYOUDUANHUANKONGJIFANG
:R:A:ZXN:BAS:FANX0030,BAS_FANX,&DB_EAFB401,BASEquipment:BAS_FANX,BASEquipment,,,&DB_XIAOXITONGDANSUFENGJI,&DB_SHEBEICENGYOUDUANHUANKONGJIFANG
:R:A:ZXN:BAS:FANX0031,BAS_FANX,&DB_SEFB401,BASEquipment:BAS_FANX,BASEquipment,,,&DB_XIAOXITONGDANSUFENGJI,&DB_SHEBEICENGYOUDUANHUANKONGJIFANG
:R:A:ZXN:BAS:FANX0032,BAS_FANX,&DB_RFPB01,BASEquipment:BAS_FANX,BASEquipment,,,&DB_XIAOXITONGDANSUFENGJI,&DB_SHEBEICENGZUODUANHUANKONGJIFANG
:R:A:ZXN:BAS:DDFX0034,BAS_DDFX,&DB_MDB101,BASEquipment:BAS_DDFX,BASEquipment,,,&DB_XIAOXITONGDIANDONGFENGFA,&DB_SHEBEICENGYOUDUANHUANKONGJIFANG
:R:A:ZXN:BAS:DDFX0035,BAS_DDFX,&DB_MDB102,BASEquipment:BAS_DDFX,BASEquipment,,,&DB_XIAOXITONGDIANDONGFENGFA,&DB_SHEBEICENGYOUDUANHUANKONGJIFANG
:R:A:ZXN:BAS:DDFX0036,BAS_DDFX,&DB_MDB103,BASEquipment:BAS_DDFX,BASEquipment,,,&DB_XIAOXITONGDIANDONGFENGFA,&DB_SHEBEICENGYOUDUANHUANKONGJIFANG
:R:A:ZXN:BAS:DDFX0037,BAS_DDFX,&DB_MDB104,BASEquipment:BAS_DDFX,BASEquipment,,,&DB_XIAOXITONGDIANDONGFENGFA,&DB_SHEBEICENGYOUDUANHUANKONGJIFANG
:R:A:ZXN:BAS:DDFX0038,BAS_DDFX,&DB_MDB105,BASEquipment:BAS_DDFX,BASEquipment,,,&DB_XIAOXITONGDIANDONGFENGFA,&DB_SHEBEICENGYOUDUANHUANKONGJIFANG
:R:A:ZXN:BAS:DDFX0039,BAS_DDFX,&DB_MDB201,BASEquipment:BAS_DDFX,BASEquipment,,,&DB_XIAOXITONGDIANDONGFENGFA,&DB_ZHANTINGYOUDUANHUANKONGJIFANG
:R:A:ZXN:BAS:DDFX0039,BAS_DDFX,&DB_MDB201,BASEquipment:BAS_DDFX,BASEquipment,,,&DB_XIAOXITONGDIANDONGFENGFA,&DB_SHEBEICENGYOUDUANHUANKONGJIFANG
:R:A:ZXN:BAS:DDFX0040,BAS_DDFX,&DB_MDB301,BASEquipment:BAS_DDFX,BASEquipment,,,&DB_XIAOXITONGDIANDONGFENGFA,&DB_SHEBEICENGYOUDUANHUANKONGJIFANG
:R:A:ZXN:BAS:DDFX0041,BAS_DDFX,&DB_MDB302,BASEquipment:BAS_DDFX,BASEquipment,,,&DB_XIAOXITONGDIANDONGFENGFA,&DB_SHEBEICENGYOUDUANHUANKONGJIFANG
:R:A:ZXN:BAS:DDFX0042,BAS_DDFX,&DB_MDB303,BASEquipment:BAS_DDFX,BASEquipment,,,&DB_XIAOXITONGDIANDONGFENGFA,&DB_SHEBEICENGYOUDUANHUANKONGJIFANG
:R:A:ZXN:BAS:DDFX0043,BAS_DDFX,&DB_MDB401,BASEquipment:BAS_DDFX,BASEquipment,,,&DB_XIAOXITONGDIANDONGFENGFA,&DB_SHEBEICENGYOUDUANHUANKONGJIFANG
:R:A:ZXN:BAS:DDFX0044,BAS_DDFX,&DB_MDB402,BASEquipment:BAS_DDFX,BASEquipment,,,&DB_XIAOXITONGDIANDONGFENGFA,&DB_SHEBEICENGYOUDUANHUANKONGJIFANG
:R:A:ZXN:BAS:DDFX0045,BAS_DDFX,&DB_MDB403,BASEquipment:BAS_DDFX,BASEquipment,,,&DB_XIAOXITONGDIANDONGFENGFA,&DB_SHEBEICENGYOUDUANHUANKONGJIFANG
:R:A:ZXN:BAS:VRF_0001,BAS_VRF_,&DB_PCUA101,BASEquipment:BAS_VRF_,BASEquipment,,,&DB_VRFSHINEIJI,&DB_ZUODUANDIMIANLENGQUETAFUJIN
:R:A:ZXN:BAS:VRF_0002,BAS_VRF_,&DB_PCUA102,BASEquipment:BAS_VRF_,BASEquipment,,,&DB_VRFSHINEIJI,&DB_ZUODUANDIMIANLENGQUETAFUJIN
:R:A:ZXN:BAS:VRF_0003,BAS_VRF_,&DB_PEUA101,BASEquipment:BAS_VRF_,BASEquipment,,,&DB_VRFSHINEIJI,&DB_ZONGHEJIANKONGSHI
:R:A:ZXN:BAS:VRF_0004,BAS_VRF_,&DB_PEUA102,BASEquipment:BAS_VRF_,BASEquipment,,,&DB_VRFSHINEIJI,&DB_ZONGHEJIANKONGSHI
:R:A:ZXN:BAS:VRF_0005,BAS_VRF_,&DB_PEUA103,BASEquipment:BAS_VRF_,BASEquipment,,,&DB_VRFSHINEIJI,&DB_TONGXINSHEBEISHI
:R:A:ZXN:BAS:VRF_0006,BAS_VRF_,&DB_PEUA104,BASEquipment:BAS_VRF_,BASEquipment,,,&DB_VRFSHINEIJI,&DB_TONGXINSHEBEISHI
:R:A:ZXN:BAS:VRF_0007,BAS_VRF_,&DB_PEUA105,BASEquipment:BAS_VRF_,BASEquipment,,,&DB_VRFSHINEIJI,&DB_XINHAOSHEBEISHI
:R:A:ZXN:BAS:VRF_0008,BAS_VRF_,&DB_PEUA106,BASEquipment:BAS_VRF_,BASEquipment,,,&DB_VRFSHINEIJI,&DB_XINHAOSHEBEISHI
:R:A:ZXN:BAS:VRF_0009,BAS_VRF_,&DB_PEUA107,BASEquipment:BAS_VRF_,BASEquipment,,,&DB_VRFSHINEIJI,&DB_TONGXINDIANYUANSHI
:R:A:ZXN:BAS:VRF_0010,BAS_VRF_,&DB_PEUA108,BASEquipment:BAS_VRF_,BASEquipment,,,&DB_VRFSHINEIJI,&DB_PINGBIMENKONGZHISHI
:R:A:ZXN:BAS:LSJZ0001,BAS_LSJZ,&DB_WCCW01,BASEquipment:BAS_LSJZ,BASEquipment,,,&DB_LENGSHUIJIZU,&DB_SHEBEICENGZUODUANLENGSHUIJIFANG
:R:A:ZXN:BAS:LSJZ0002,BAS_LSJZ,&DB_WCCW02,BASEquipment:BAS_LSJZ,BASEquipment,,,&DB_LENGSHUIJIZU,&DB_SHEBEICENGZUODUANLENGSHUIJIFANG
:R:A:ZXN:BAS:LDB_0001,BAS_LDB_,&DB_CHWPW01,BASEquipment:BAS_LDB_,BASEquipment,,,&DB_LENGDONGSHUIBENG,&DB_SHEBEICENGZUODUANLENGSHUIJIFANG
:R:A:ZXN:BAS:LDB_0002,BAS_LDB_,&DB_CHWPW02,BASEquipment:BAS_LDB_,BASEquipment,,,&DB_LENGDONGSHUIBENG,&DB_SHEBEICENGZUODUANLENGSHUIJIFANG
:R:A:ZXN:BAS:SCLY0001,BAS_SCLY,&DB_QCS03,BASEquipment:BAS_SCLY,BASEquipment,,,&DB_QUANCHENGSHUICHULIYI,&DB_SHEBEICENGZUODUANHUANKONGJIFANG
:R:A:ZXN:BAS:SCLY0002,BAS_SCLY,&DB_QCS04,BASEquipment:BAS_SCLY,BASEquipment,,,&DB_QUANCHENGSHUICHULIYI,&DB_SHEBEICENGZUODUANHUANKONGJIFANG
:R:A:ZXN:BAS:SGWD0001,BAS_SGWD,&DB_T314W03,BASEquipment:BAS_SGWD,BASEquipment,,,&DB_SHUIGUANSHIWENDUCHUANGANQI,&DB_AHUA01LENGDONGSHUIGONGSHUI
:R:A:ZXN:BAS:SGWD0002,BAS_SGWD,&DB_T314W04,BASEquipment:BAS_SGWD,BASEquipment,,,&DB_SHUIGUANSHIWENDUCHUANGANQI,&DB_AHUA01LENGDONGSHUIHUISHUI
:R:A:ZXN:BAS:SGWD0003,BAS_SGWD,&DB_T314W08,BASEquipment:BAS_SGWD,BASEquipment,,,&DB_SHUIGUANSHIWENDUCHUANGANQI,&DB_WCCW01LENGDONGSHUIGONGSHUI
:R:A:ZXN:BAS:SGWD0004,BAS_SGWD,&DB_T314W09,BASEquipment:BAS_SGWD,BASEquipment,,,&DB_SHUIGUANSHIWENDUCHUANGANQI,&DB_WCCW02LENGDONGSHUIHUISHUI
:R:A:ZXN:BAS:SGWD0005,BAS_SGWD,&DB_T314W10,BASEquipment:BAS_SGWD,BASEquipment,,,&DB_SHUIGUANSHIWENDUCHUANGANQI,&DB_WCCW02LENGDONGSHUIGONGSHUI
:R:A:ZXN:BAS:SGWD0006,BAS_SGWD,&DB_T314A301,BASEquipment:BAS_SGWD,BASEquipment,,,&DB_SHUIGUANSHIWENDUCHUANGANQI,&DB_ADUAN35KVKAIGUANGUISHI
:R:A:ZXN:BAS:SGWD0007,BAS_SGWD,&DB_T314A302,BASEquipment:BAS_SGWD,BASEquipment,,,&DB_SHUIGUANSHIWENDUCHUANGANQI,&DB_ADUAN04KVKAIGUANGUISHI
:R:A:ZXN:BAS:YLBS0001,BAS_YLBS,&DB_P314W03,BASEquipment:BAS_YLBS,BASEquipment,,,&DB_YALIBIANSONGQI,&DB_AHUA01LENGDONGSHUIGONGSHUI
:R:A:ZXN:BAS:YLBS0002,BAS_YLBS,&DB_P314W04,BASEquipment:BAS_YLBS,BASEquipment,,,&DB_YALIBIANSONGQI,&DB_AHUA01LENGDONGSHUIHUISHUI
:R:A:ZXN:BAS:YCBS0001,BAS_YCBS,&DB_DP314WA101,BASEquipment:BAS_YCBS,BASEquipment,,,&DB_YACHABIANSONGQI,&DB_AHUA101LENGDONGSHUIGONGHUISHUIGUAN
:R:A:ZXN:BAS:YCBS0002,BAS_YCBS,&DB_DP314WA301,BASEquipment:BAS_YCBS,BASEquipment,,,&DB_YACHABIANSONGQI,&DB_AHUA301LENGDONGSHUIGONGHUISHUIGUAN
:R:A:ZXN:BAS:YCBS0003,BAS_YCBS,&DB_DP314WA01,BASEquipment:BAS_YCBS,BASEquipment,,,&DB_YACHABIANSONGQI,&DB_AHUA01LENGDONGSHUIGONGHUISHUIGUAN
:R:A:ZXN:BAS:DCLL0001,BAS_DCLL,&DB_F314W01,BASEquipment:BAS_DCLL,BASEquipment,,,&DB_DIANCILIULIANGJI,&DB_WCCW01LENGDONGSHUIGONGSHUI
:R:A:ZXN:BAS:DCLL0002,BAS_DCLL,&DB_F314W02,BASEquipment:BAS_DCLL,BASEquipment,,,&DB_DIANCILIULIANGJI,&DB_WCCW02LENGDONGSHUIGONGSHUI
:R:A:ZXN:BAS:YCBJ0001,BAS_YCBJ,&DB_P314A01,BASEquipment:BAS_YCBJ,BASEquipment,,,&DB_YACHABAOJINGZHUANGZHI,&DB_ADUANZUHESHIKONGTIAOQIGUOLVQI
:R:A:ZXN:BAS:YCBJ0002,BAS_YCBJ,&DB_P314A101,BASEquipment:BAS_YCBJ,BASEquipment,,,&DB_YACHABAOJINGZHUANGZHI,&DB_AHUA101KONGTIAOQIGUOLVQI
:R:A:ZXN:BAS:YCBJ0003,BAS_YCBJ,&DB_P314A201,BASEquipment:BAS_YCBJ,BASEquipment,,,&DB_YACHABAOJINGZHUANGZHI,&DB_AHUA201KONGTIAOQIGUOLVQI
:R:A:ZXN:BAS:YCBJ0004,BAS_YCBJ,&DB_P314A301,BASEquipment:BAS_YCBJ,BASEquipment,,,&DB_YACHABAOJINGZHUANGZHI,&DB_AHUA301KONGTIAOQIGUOLVQI
:R:A:ZXN:BAS:LQTA0001,BAS_LQTA,&DB_CTW01314SW1,BASEquipment:BAS_LQTA,BASEquipment,,,&DB_LENGQUETAYEWEIBAOJINGZHUANG,&DB_CTW01LENGQUETA
:R:A:ZXN:BAS:LQTA0002,BAS_LQTA,&DB_CTW01314SW2,BASEquipment:BAS_LQTA,BASEquipment,,,&DB_LENGQUETAYEWEIBAOJINGZHUANG,&DB_CTW02LENGQUETA
:R:A:ZXN:BAS:DDDF0001,BAS_DDDF,&DB_MVW01,BASEquipment:BAS_DDDF,BASEquipment,,,&DB_DIANDONGDIEFA,&DB_ZHUANGZAILENGSHUIJIZUWCCW01
:R:A:ZXN:BAS:DDDF0002,BAS_DDDF,&DB_MVW02,BASEquipment:BAS_DDDF,BASEquipment,,,&DB_DIANDONGDIEFA,&DB_ZHUANGZAILENGSHUIJIZUWCCW02
:R:A:ZXN:BAS:DDDF0003,BAS_DDDF,&DB_MVW09,BASEquipment:BAS_DDDF,BASEquipment,,,&DB_DIANDONGDIEFA,&DB_AHUA01
:R:A:ZXN:BAS:DDDF0004,BAS_DDDF,&DB_MVW10,BASEquipment:BAS_DDDF,BASEquipment,,,&DB_DIANDONGDIEFA,&DB_AHUB01
:R:A:ZXN:BAS:ETF_0001,BAS_ETF_,&DB_MOVW1,BASEquipment:BAS_ETF_,BASEquipment,,,&DB_ERTONGFA,&DB_SHEBEICENGZUODUANHUANKONGJIFANG
:R:A:ZXN:BAS:ETF_0002,BAS_ETF_,&DB_MOVWA101,BASEquipment:BAS_ETF_,BASEquipment,,,&DB_ERTONGFA,&DB_SHEBEICENGZUODUANHUANKONGJIFANG
:R:A:ZXN:BAS:ETF_0003,BAS_ETF_,&DB_MOVWA201,BASEquipment:BAS_ETF_,BASEquipment,,,&DB_ERTONGFA,&DB_SHEBEICENGZUODUANHUANKONGJIFANG
:R:A:ZXN:BAS:ETF_0004,BAS_ETF_,&DB_MOVWA301,BASEquipment:BAS_ETF_,BASEquipment,,,&DB_ERTONGFA,&DB_SHEBEICENGZUODUANHUANKONGJIFANG
:R:A:ZXN:BAS:YCPT0001,BAS_YCPT,&DB_DPCVW01,BASEquipment:BAS_YCPT,BASEquipment,,,&DB_YACHAPANGTONGFA,&DB_SHEBEICENGZUODUANLENGSHUIJIFANG
:R:A:ZXN:BAS:SGWD0008,BAS_SGWD,&DB_T314W01,BASEquipment:BAS_SGWD,BASEquipment,,,&DB_SHUIGUANSHIWENDUCHUANGANQI,&DB_LENGDONGSHUIGONGSHUIZONGGUAN
:R:A:ZXN:BAS:SGWD0009,BAS_SGWD,&DB_T314W02,BASEquipment:BAS_SGWD,BASEquipment,,,&DB_SHUIGUANSHIWENDUCHUANGANQI,&DB_LENGDONGSHUIHUISHUIZONGGUAN
:R:A:ZXN:BAS:SGWD0010,BAS_SGWD,&DB_T314W05,BASEquipment:BAS_SGWD,BASEquipment,,,&DB_SHUIGUANSHIWENDUCHUANGANQI,&DB_AHUB01LENGDONGSHUIGONGSHUI
:R:A:ZXN:BAS:SGWD0011,BAS_SGWD,&DB_T314W06,BASEquipment:BAS_SGWD,BASEquipment,,,&DB_SHUIGUANSHIWENDUCHUANGANQI,&DB_AHUB01LENGDONGSHUIHUISHUI
:R:A:ZXN:BAS:SGWD0012,BAS_SGWD,&DB_T314W07,BASEquipment:BAS_SGWD,BASEquipment,,,&DB_SHUIGUANSHIWENDUCHUANGANQI,&DB_WCCW01LENGDONGSHUIHUISHUI
:R:A:ZXN:BAS:YLBS0003,BAS_YLBS,&DB_P314W01,BASEquipment:BAS_YLBS,BASEquipment,,,&DB_YALIBIANSONGQI,&DB_LENGDONGSHUIGONGSHUIZONGGUAN
:R:A:ZXN:BAS:YLBS0004,BAS_YLBS,&DB_P314W02,BASEquipment:BAS_YLBS,BASEquipment,,,&DB_YALIBIANSONGQI,&DB_LENGDONGSHUIHUISHUIZONGGUAN
:R:A:ZXN:BAS:YLBS0005,BAS_YLBS,&DB_P314W05,BASEquipment:BAS_YLBS,BASEquipment,,,&DB_YALIBIANSONGQI,&DB_AHUB01LENGDONGSHUIGONGSHUI
:R:A:ZXN:BAS:YLBS0006,BAS_YLBS,&DB_P314W06,BASEquipment:BAS_YLBS,BASEquipment,,,&DB_YALIBIANSONGQI,&DB_AHUB01LENGDONGSHUIHUISHUI
:R:A:ZXN:BAS:YCBS0004,BAS_YCBS,&DB_DP314WB101,BASEquipment:BAS_YCBS,BASEquipment,,,&DB_YACHABIANSONGQI,&DB_AHUB101LENGDONGSHUIGONGHUISHUIGUAN
:R:A:ZXN:BAS:YCBS0005,BAS_YCBS,&DB_DP314WB01,BASEquipment:BAS_YCBS,BASEquipment,,,&DB_YACHABIANSONGQI,&DB_AHUB01LENGDONGSHUIGONGHUISHUIGUAN
:R:A:ZXN:BAS:YCBJ0005,BAS_YCBJ,&DB_P314B01,BASEquipment:BAS_YCBJ,BASEquipment,,,&DB_YACHABAOJINGZHUANGZHI,&DB_BDUANZUHESHIKONGTIAOQIGUOLVQI
:R:A:ZXN:BAS:YCBJ0006,BAS_YCBJ,&DB_P314B101,BASEquipment:BAS_YCBJ,BASEquipment,,,&DB_YACHABAOJINGZHUANGZHI,&DB_AHUB101KONGTIAOQIGUOLVQI
:R:A:ZXN:BAS:AFHF0001,BAS_AFHF,&DB_FD2A02,BASEquipment:BAS_AFHF,BASEquipment,,,&DB_ZIDONGFANGHUOFA,&DB_ZHANTINGZUODUANHUANKONGJIFANG
:R:A:ZXN:BAS:AFHF0002,BAS_AFHF,&DB_FD2A401,BASEquipment:BAS_AFHF,BASEquipment,,,&DB_ZIDONGFANGHUOFA,&DB_ZHANTINGYOUDUANHUANKONGJIFANG
:R:A:ZXN:BAS:AFHF0003,BAS_AFHF,&DB_FD2A701,BASEquipment:BAS_AFHF,BASEquipment,,,&DB_ZIDONGFANGHUOFA,&DB_ZHANTINGZUODUANHUANKONGJIFANG
:R:A:ZXN:BAS:AFHF0004,BAS_AFHF,&DB_FD2A601,BASEquipment:BAS_AFHF,BASEquipment,,,&DB_ZIDONGFANGHUOFA,&DB_SHEBEICENGZUODUANHUANKONGJIFANG
:R:A:ZXN:BAS:SNWS0001,BAS_SNWS,&DB_H314A01,BASEquipment:BAS_SNWS,BASEquipment,,,&DB_SHINEIWENSHIDUCHUANGANQI,&DB_ADUANDAXITONGXINFENGDAO
:R:A:ZXN:BAS:SNWS0002,BAS_SNWS,&DB_H314A05,BASEquipment:BAS_SNWS,BASEquipment,,,&DB_SHINEIWENSHIDUCHUANGANQI,&DB_ADUANZHANTINGGONGGONGQU
:R:A:ZXN:BAS:SNWS0003,BAS_SNWS,&DB_H314A06,BASEquipment:BAS_SNWS,BASEquipment,,,&DB_SHINEIWENSHIDUCHUANGANQI,&DB_ADUANZHANTINGGONGGONGQU
:R:A:ZXN:BAS:SNWS0004,BAS_SNWS,&DB_H314A07,BASEquipment:BAS_SNWS,BASEquipment,,,&DB_SHINEIWENSHIDUCHUANGANQI,&DB_ADUANZHANTAIGONGGONGQU
:R:A:ZXN:BAS:SNWS0005,BAS_SNWS,&DB_H314A08,BASEquipment:BAS_SNWS,BASEquipment,,,&DB_SHINEIWENSHIDUCHUANGANQI,&DB_ADUANZHANTAIGONGGONGQU
:R:A:ZXN:BAS:SNWS0006,BAS_SNWS,&DB_H314A203,BASEquipment:BAS_SNWS,BASEquipment,,,&DB_SHINEIWENSHIDUCHUANGANQI,&DB_ADUANHUANKONGDIANKONGSHIER
:R:A:ZXN:BAS:SNWS0007,BAS_SNWS,&DB_H314A204,BASEquipment:BAS_SNWS,BASEquipment,,,&DB_SHINEIWENSHIDUCHUANGANQI,&DB_ADUANZHAOMINGPEIDIANSHI
:R:A:ZXN:BAS:SNWS0008,BAS_SNWS,&DB_H314A205,BASEquipment:BAS_SNWS,BASEquipment,,,&DB_SHINEIWENSHIDUCHUANGANQI,&DB_ADUANXINHAOSHEBEISHI
:R:A:ZXN:BAS:SNWS0009,BAS_SNWS,&DB_H314A206,BASEquipment:BAS_SNWS,BASEquipment,,,&DB_SHINEIWENSHIDUCHUANGANQI,&DB_ADUANSHANGYONGTONGXINSHEBEISHI
:R:A:ZXN:BAS:SNWS0010,BAS_SNWS,&DB_H314A207,BASEquipment:BAS_SNWS,BASEquipment,,,&DB_SHINEIWENSHIDUCHUANGANQI,&DB_ADUANTONGXINDIANYUANSHI
:R:A:ZXN:BAS:SNWS0011,BAS_SNWS,&DB_H314A208,BASEquipment:BAS_SNWS,BASEquipment,,,&DB_SHINEIWENSHIDUCHUANGANQI,&DB_ADUANTONGXINSHEBEISHI
:R:A:ZXN:BAS:SNWS0012,BAS_SNWS,&DB_H314A209,BASEquipment:BAS_SNWS,BASEquipment,,,&DB_SHINEIWENSHIDUCHUANGANQI,&DB_ADUANZHAOMINGPEIDIANJIAN
:R:A:ZXN:BAS:SNWS0013,BAS_SNWS,&DB_H314A210,BASEquipment:BAS_SNWS,BASEquipment,,,&DB_SHINEIWENSHIDUCHUANGANQI,&DB_ADUANAFCSHEBEISHI
:R:A:ZXN:BAS:SNWS0014,BAS_SNWS,&DB_H314A211,BASEquipment:BAS_SNWS,BASEquipment,,,&DB_SHINEIWENSHIDUCHUANGANQI,&DB_ADUANZONGHEJIANKONGSHI
:R:A:ZXN:BAS:SNWS0015,BAS_SNWS,&DB_H314A212,BASEquipment:BAS_SNWS,BASEquipment,,,&DB_SHINEIWENSHIDUCHUANGANQI,&DB_ADUANKONGZHISHI
:R:A:ZXN:BAS:SNWS0016,BAS_SNWS,&DB_H314A213,BASEquipment:BAS_SNWS,BASEquipment,,,&DB_SHINEIWENSHIDUCHUANGANQI,&DB_ADUANHUANKONGDIANKONGSHIYI
:R:A:ZXN:BAS:SNWS0017,BAS_SNWS,&DB_H314A214,BASEquipment:BAS_SNWS,BASEquipment,,,&DB_SHINEIWENSHIDUCHUANGANQI,&DB_ADUANGONGANSHEBEISHI
:R:A:ZXN:BAS:SNWS0018,BAS_SNWS,&DB_H314A215,BASEquipment:BAS_SNWS,BASEquipment,,,&DB_SHINEIWENSHIDUCHUANGANQI,&DB_ADUANPINGBIMENKONGZHISHI
:R:A:ZXN:BAS:SNWS0019,BAS_SNWS,&DB_H314A216,BASEquipment:BAS_SNWS,BASEquipment,,,&DB_SHINEIWENSHIDUCHUANGANQI,&DB_ADUANZHAOMINGPEIDIANJIAN
:R:A:ZXN:BAS:SNWS0020,BAS_SNWS,&DB_H314A217,BASEquipment:BAS_SNWS,BASEquipment,,,&DB_SHINEIWENSHIDUCHUANGANQI,&DB_ADUANKONGZHISHI
:R:A:ZXN:BAS:GDWS0001,BAS_GDWS,&DB_H314A03,BASEquipment:BAS_GDWS,BASEquipment,,,&DB_GUANDAOSHIWENSHIDUCHUANGANQ,&DB_ADUANDAXITONGSONGFENGGUAN
:R:A:ZXN:BAS:GDWS0002,BAS_GDWS,&DB_H314A101,BASEquipment:BAS_GDWS,BASEquipment,,,&DB_GUANDAOSHIWENSHIDUCHUANGANQ,&DB_AHUA101SONGFENGZONGGUAN
:R:A:ZXN:BAS:GDWS0003,BAS_GDWS,&DB_H314A102,BASEquipment:BAS_GDWS,BASEquipment,,,&DB_GUANDAOSHIWENSHIDUCHUANGANQ,&DB_RAFEAFA101HUIFENGZONGGUAN
:R:A:ZXN:BAS:GDWS0004,BAS_GDWS,&DB_H314A201,BASEquipment:BAS_GDWS,BASEquipment,,,&DB_GUANDAOSHIWENSHIDUCHUANGANQ,&DB_AHUA201SONGFENGZONGGUAN
:R:A:ZXN:BAS:GDWS0005,BAS_GDWS,&DB_H314A202,BASEquipment:BAS_GDWS,BASEquipment,,,&DB_GUANDAOSHIWENSHIDUCHUANGANQ,&DB_RAFEAFA201HUIFENGZONGGUAN
:R:A:ZXN:BAS:GDWS0006,BAS_GDWS,&DB_H314A301,BASEquipment:BAS_GDWS,BASEquipment,,,&DB_GUANDAOSHIWENSHIDUCHUANGANQ,&DB_AHUA301SONGFENGZONGGUAN
:R:A:ZXN:BAS:GDWS0007,BAS_GDWS,&DB_H314A302,BASEquipment:BAS_GDWS,BASEquipment,,,&DB_GUANDAOSHIWENSHIDUCHUANGANQ,&DB_RAFEAFA301HUIFENGZONGGUAN
:R:A:ZXN:BAS:GDWS0008,BAS_GDWS,&DB_H314A02,BASEquipment:BAS_GDWS,BASEquipment,,,&DB_GUANDAOSHIWENSHIDUCHUANGANQ,&DB_ADUANDAXITONGHUNFENGXIANG
:R:A:ZXN:BAS:GDWS0009,BAS_GDWS,&DB_H314A04,BASEquipment:BAS_GDWS,BASEquipment,,,&DB_GUANDAOSHIWENSHIDUCHUANGANQ,&DB_ADUANDAXITONGHUIFENGXIANG
:R:A:ZXN:BAS:CO2_0001,BAS_CO2_,&DB_C314A01,BASEquipment:BAS_CO2_,BASEquipment,,,&DB_ERYANGHUATANCHUANGANQI,&DB_ADUANZHANTINGGONGGONGQU
:R:A:ZXN:BAS:CO2_0002,BAS_CO2_,&DB_C314A02,BASEquipment:BAS_CO2_,BASEquipment,,,&DB_ERYANGHUATANCHUANGANQI,&DB_ADUANZHANTINGGONGGONGQU
:R:A:ZXN:BAS:CO2_0003,BAS_CO2_,&DB_C314A03,BASEquipment:BAS_CO2_,BASEquipment,,,&DB_ERYANGHUATANCHUANGANQI,&DB_ADUANZHANTAIGONGGONGQU
:R:A:ZXN:BAS:CO2_0004,BAS_CO2_,&DB_C314A04,BASEquipment:BAS_CO2_,BASEquipment,,,&DB_ERYANGHUATANCHUANGANQI,&DB_ADUANZHANTAIGONGGONGQU
:R:A:ZXN:BAS:RFM_0001,BAS_RFM_,&DB_RF1,BASEquipment:BAS_RFM_,BASEquipment,,,&DB_RENFANGMEN,&DB_XIAOLICHENGDUANYOUXIAN
:R:A:ZXN:BAS:RFM_0002,BAS_RFM_,&DB_RF2,BASEquipment:BAS_RFM_,BASEquipment,,,&DB_RENFANGMEN,&DB_XIAOLICHENGDUANZUOXIAN
:R:A:ZXN:BAS:RFM_0003,BAS_RFM_,&DB_RF3,BASEquipment:BAS_RFM_,BASEquipment,,,&DB_RENFANGMEN,&DB_DALICHENGDUANYOUXIAN
:R:A:ZXN:BAS:RFM_0004,BAS_RFM_,&DB_RF4,BASEquipment:BAS_RFM_,BASEquipment,,,&DB_RENFANGMEN,&DB_DALICHENGDUANZUOXIAN
:R:A:ZXN:BAS:AFHF0005,BAS_AFHF,&DB_FD2B02,BASEquipment:BAS_AFHF,BASEquipment,,,&DB_ZIDONGFANGHUOFA,&DB_SHEBEICENGZUODUANHUANKONGJIFANG
:R:A:ZXN:BAS:AFHF0006,BAS_AFHF,&DB_FD2B401,BASEquipment:BAS_AFHF,BASEquipment,,,&DB_ZIDONGFANGHUOFA,&DB_SHEBEICENGYOUDUANHUANKONGJIFANG
:R:A:ZXN:BAS:AFHF0007,BAS_AFHF,&DB_FD2B301,BASEquipment:BAS_AFHF,BASEquipment,,,&DB_ZIDONGFANGHUOFA,&DB_SHEBEICENGYOUDUANHUANKONGJIFANG
:R:A:ZXN:BAS:SNWS0021,BAS_SNWS,&DB_H314B01,BASEquipment:BAS_SNWS,BASEquipment,,,&DB_SHINEIWENSHIDUCHUANGANQI,&DB_BDUANDAXITONGXINFENGDAO
:R:A:ZXN:BAS:SNWS0022,BAS_SNWS,&DB_H314B05,BASEquipment:BAS_SNWS,BASEquipment,,,&DB_SHINEIWENSHIDUCHUANGANQI,&DB_BDUANZHANTINGGONGGONGQU
:R:A:ZXN:BAS:SNWS0023,BAS_SNWS,&DB_H314B06,BASEquipment:BAS_SNWS,BASEquipment,,,&DB_SHINEIWENSHIDUCHUANGANQI,&DB_BDUANZHANTINGGONGGONGQU
:R:A:ZXN:BAS:SNWS0024,BAS_SNWS,&DB_H314B07,BASEquipment:BAS_SNWS,BASEquipment,,,&DB_SHINEIWENSHIDUCHUANGANQI,&DB_BDUANZHANTAIGONGGONGQU
:R:A:ZXN:BAS:SNWS0025,BAS_SNWS,&DB_H314B08,BASEquipment:BAS_SNWS,BASEquipment,,,&DB_SHINEIWENSHIDUCHUANGANQI,&DB_BDUANZHANTAIGONGGONGQU
:R:A:ZXN:BAS:SNWS0026,BAS_SNWS,&DB_H314B103,BASEquipment:BAS_SNWS,BASEquipment,,,&DB_SHINEIWENSHIDUCHUANGANQI,&DB_BDUANHUANKONGDIANKONGSHI
:R:A:ZXN:BAS:SNWS0027,BAS_SNWS,&DB_H314B104,BASEquipment:BAS_SNWS,BASEquipment,,,&DB_SHINEIWENSHIDUCHUANGANQI,&DB_BDUANZHAOMINGPEIDIANSHI
:R:A:ZXN:BAS:SNWS0028,BAS_SNWS,&DB_H314B105,BASEquipment:BAS_SNWS,BASEquipment,,,&DB_SHINEIWENSHIDUCHUANGANQI,&DB_BDUANZHANTINGZHAOMINGPEIDIANSHI
:R:A:ZXN:BAS:SNWS0029,BAS_SNWS,&DB_H314B106,BASEquipment:BAS_SNWS,BASEquipment,,,&DB_SHINEIWENSHIDUCHUANGANQI,&DB_BDUANZHANTAIZHAOMINGPEIDIANSHI
:R:A:ZXN:BAS:GDWS0010,BAS_GDWS,&DB_H314B02,BASEquipment:BAS_GDWS,BASEquipment,,,&DB_GUANDAOSHIWENSHIDUCHUANGANQ,&DB_BDUANDAXITONGHUNFENGXIANG
:R:A:ZXN:BAS:GDWS0011,BAS_GDWS,&DB_H314B03,BASEquipment:BAS_GDWS,BASEquipment,,,&DB_GUANDAOSHIWENSHIDUCHUANGANQ,&DB_BDUANDAXITONGSONGFENGGUAN
:R:A:ZXN:BAS:GDWS0012,BAS_GDWS,&DB_H314B04,BASEquipment:BAS_GDWS,BASEquipment,,,&DB_GUANDAOSHIWENSHIDUCHUANGANQ,&DB_BDUANDAXITONGHUIFENGXIANG
:R:A:ZXN:BAS:GDWS0013,BAS_GDWS,&DB_H314B101,BASEquipment:BAS_GDWS,BASEquipment,,,&DB_GUANDAOSHIWENSHIDUCHUANGANQ,&DB_AHUB101SONGFENGZONGGUAN
:R:A:ZXN:BAS:GDWS0014,BAS_GDWS,&DB_H314B102,BASEquipment:BAS_GDWS,BASEquipment,,,&DB_GUANDAOSHIWENSHIDUCHUANGANQ,&DB_RAFEAFB101HUIFENGZONGGUAN
:R:A:ZXN:BAS:CO2_0005,BAS_CO2_,&DB_C314B01,BASEquipment:BAS_CO2_,BASEquipment,,,&DB_ERYANGHUATANCHUANGANQI,&DB_BDUANZHANTINGGONGGONGQU
:R:A:ZXN:BAS:CO2_0006,BAS_CO2_,&DB_C314B02,BASEquipment:BAS_CO2_,BASEquipment,,,&DB_ERYANGHUATANCHUANGANQI,&DB_BDUANZHANTINGGONGGONGQU
:R:A:ZXN:BAS:CO2_0007,BAS_CO2_,&DB_C314B03,BASEquipment:BAS_CO2_,BASEquipment,,,&DB_ERYANGHUATANCHUANGANQI,&DB_BDUANZHANTAIGONGGONGQU
:R:A:ZXN:BAS:CO2_0008,BAS_CO2_,&DB_C314B04,BASEquipment:BAS_CO2_,BASEquipment,,,&DB_ERYANGHUATANCHUANGANQI,&DB_BDUANZHANTAIGONGGONGQU
:R:A:ZXN:BAS:DJSB0001,BAS_DJSB,&DB_FSB2AB,BASEquipment:BAS_DJSB,BASEquipment,,,&DB_SHUANGBENGJISHUIBENG,&DB_1ZHOUYUSHUIJISHUICHI
:R:A:ZXN:BAS:DJSB0002,BAS_DJSB,&DB_FSB5AB,BASEquipment:BAS_DJSB,BASEquipment,,,&DB_SHUANGBENGJISHUIBENG,&DB_JIEDIKUAIKAIFACHURUKOUJISHUIKENG
:R:A:ZXN:BAS:DJSB0003,BAS_DJSB,&DB_FSB4AB,BASEquipment:BAS_DJSB,BASEquipment,,,&DB_SHUANGBENGJISHUIBENG,&DB_JIEDIKUAIKAIFACHURUKOUJISHUIKENG
:R:A:ZXN:BAS:DJSB0004,BAS_DJSB,&DB_FSB3AB,BASEquipment:BAS_DJSB,BASEquipment,,,&DB_SHUANGBENGJISHUIBENG,&DB_YULIUCHAOCHURUKOUJISHUIKENG
:R:A:ZXN:BAS:DJSB0005,BAS_DJSB,&DB_FSB1AB,BASEquipment:BAS_DJSB,BASEquipment,,,&DB_SHUANGBENGJISHUIBENG,&DB_20ZHOUZHUFEISHUIBENGFANG
:R:A:ZXN:BAS:ZNZM0001,BAS_ZNZM,&DB_AZ11,BASEquipment:BAS_ZNZM,BASEquipment,,,&DB_ZHINENGZHAOMING,&DB_ZHANTINGBDUANZHAOMINGPEIDIANSHI
:R:A:ZXN:BAS:EPS_0001,BAS_EPS_,&DB_EPSA11,BASEquipment:BAS_EPS_,BASEquipment,,,&DB_YINGJIDIANYUAN,&DB_ZHAOMINGPEIDIANSHI
:R:A:ZXN:BAS:EPS_0002,BAS_EPS_,&DB_EPSB11,BASEquipment:BAS_EPS_,BASEquipment,,,&DB_YINGJIDIANYUAN,&DB_ZHAOMINGPEIDIANSHI
:R:A:ZXN:BAS:CRFT0001,BAS_CRFT,&DB_E31505K1,BASEquipment:BAS_CRFT,BASEquipment,,,&DB_CHURUKOUFUTI,&DB_AHAOCHURUKOU
:R:A:ZXN:BAS:CRFT0002,BAS_CRFT,&DB_E31506K1,BASEquipment:BAS_CRFT,BASEquipment,,,&DB_CHURUKOUFUTI,&DB_AHAOCHURUKOU
:R:A:ZXN:BAS:ZNFT0001,BAS_ZNFT,&DB_E31401N,BASEquipment:BAS_ZNFT,BASEquipment,,,&DB_ZHANNEIFUTI,&DB_ADUANZHANTINGZHIZHANTAI
:R:A:ZXN:BAS:ZNFT0002,BAS_ZNFT,&DB_E31402N,BASEquipment:BAS_ZNFT,BASEquipment,,,&DB_ZHANNEIFUTI,&DB_ADUANZHANTINGZHIZHANTAI
:R:A:ZXN:BAS:DT__0001,BAS_DT__,&DB_H31401N,BASEquipment:BAS_DT__,BASEquipment,,,&DB_DIANTI,&DB_ZHANTINGZHIZHANTAI
:R:A:ZXN:BAS:DT__0002,BAS_DT__,&DB_H31402K1,BASEquipment:BAS_DT__,BASEquipment,,,&DB_DIANTI,&DB_BHAOCHURUKOU
:R:A:ZXN:BAS:CRFT0003,BAS_CRFT,&DB_E31507K2,BASEquipment:BAS_CRFT,BASEquipment,,,&DB_CHURUKOUFUTI,&DB_BHAOCHURUKOU
:R:A:ZXN:BAS:CRFT0004,BAS_CRFT,&DB_E31508K2,BASEquipment:BAS_CRFT,BASEquipment,,,&DB_CHURUKOUFUTI,&DB_BHAOCHURUKOU
:R:A:ZXN:BAS:ZNFT0003,BAS_ZNFT,&DB_E31403N,BASEquipment:BAS_ZNFT,BASEquipment,,,&DB_ZHANNEIFUTI,&DB_BDUANZHANTINGZHIZHANTAI
:R:A:ZXN:BAS:ZNFT0004,BAS_ZNFT,&DB_E31404N,BASEquipment:BAS_ZNFT,BASEquipment,,,&DB_ZHANNEIFUTI,&DB_BDUANZHANTINGZHIZHANTAI
:R:A:ZXN:BAS:HZLY0001,BAS_HZLY,&DB_FIRESIG,BASEquipment:BAS_HZLY,BASEquipment,,,&DB_HUOZAIXINHAOLAIYUAN,&DB_ZHONGXINGDAQIAONANZHAN
:R:A:ZXN:BAS:RSET0001,BAS_RSET,&DB_FIRERESET,BASEquipment:BAS_RSET,BASEquipment,,,&DB_HUOZAIFUWEI,&DB_ZHONGXINGDAQIAONANZHAN
:R:A:ZXN:BAS:PLC_0001,BAS_PLC_,&DB_PLC,BASEquipment:BAS_PLC_,BASEquipment,,,&DB_BASPLC,&DB_ZHONGXINGDAQIAONANZHAN
:R:A:ZXN:BAS:TTBL0001,BAS_TTBL,&DB_TIMETABLE,BASEquipment:BAS_TTBL,BASEquipment,,,&DB_SHIJIANBIAO,&DB_ZHONGXINGDAQIAONANZHAN
:R:A:ZXN:BAS:OPER0001,BAS_OPER,&DB_CONRIGHT,BASEquipment:BAS_OPER,BASEquipment,,,&DB_KONGZHIQUANXIANXUANZE,&DB_ZHONGXINGDAQIAONANZHAN
:R:A:ZXN:BAS:SYS_0001,BAS_SYS_,&DB_CONMOD,BASEquipment:BAS_SYS_,BASEquipment,,,&DB_XITONGKONGZHIFANGSHI,&DB_ZHONGXINGDAQIAONANZHAN
:R:A:ZXN:BAS:IOST0001,BAS_IOST,&DB_MODSTA,BASEquipment:BAS_IOST,BASEquipment,,,&DB_MOKUAITONGXUNZHUANGTAI,&DB_ZHONGXINGDAQIAONANZHAN
:R:A:ZXN:BAS:TIME0001,BAS_TIME,&DB_TIMESYNC,BASEquipment:BAS_TIME,BASEquipment,,,&DB_ISCSYUBASSHIZHONGTONGBU,&DB_ZHONGXINGDAQIAONANZHAN
:R:A:ZXN:BAS:STA10001,BAS_STA1,,HDVEquipment:BAS_STA1,HDVEquipment,,,&DB_TONGFENGKONGTIAOHUANKONG,&DB_ZHONGXINGDAQIAONANZHAN
:R:A:ZXN:BAS:STA20001,BAS_STA2,,HDVEquipment:BAS_STA2,HDVEquipment,,,&DB_KONGTIAOSHUI,&DB_ZHONGXINGDAQIAONANZHAN
:R:A:ZXN:BAS:STA30001,BAS_STA3,,HDVEquipment:BAS_STA3,HDVEquipment,,,&DB_GEIPAISHUI,&DB_ZHONGXINGDAQIAONANZHAN
:R:A:ZXN:BAS:STA40001,BAS_STA4,,HDVEquipment:BAS_STA4,HDVEquipment,,,&DB_DIYAZHAOMING,&DB_ZHONGXINGDAQIAONANZHAN
:R:A:ZXN:BAS:STA50001,BAS_STA5,,HDVEquipment:BAS_STA5,HDVEquipment,,,&DB_QUANZHANHUANKONGXITONG,&DB_ZHONGXINGDAQIAONANZHAN
