ID,ELEMENT_NAME,label,valueLength,unit,__AGGREGATE__,initCond1,returnCond1,returnCondTO,Archive,hmiOrder,computedMessage,type
:R:A:BAS:TVF_:dciBAS-MANAUTO,dci_cb_type,&DB_SHOUDONGZIDONGZHUANGTAI,,,,,,,,1,,__ERASE__
:R:A:BAS:TVF_:dciBAS-BASLOC,dci_cb_type,&DB_BASHUANKONGJIUDI,,,,,,,,2,,__ERASE__
:R:A:BAS:TVF_:dciBAS-BASECS,dci_cb_type,&DB_BASH,,,,,,,,3,,__ERASE__
:R:A:BAS:TVF_:dciBAS-FOWSTA,dci_cb_type,&DB_ZHEN1,,,,,,,,4,,__ERASE__
:R:A:BAS:TVF_:dciBAS-REVSTA,dci_cb_type,&DB_FANZ,,,,,,,,5,,__ERASE__
:R:A:BAS:TVF_:dciBAS-STPSTA,dci_cb_type,&DB_TING2,,,,,,,,6,,__ERASE__
:R:A:BAS:TVF_:dciBAS-FALA,dci_cb_type,&DB_GUZH1,,,,,,,,7,,__ERASE__
:R:A:BAS:TVF_:dciBAS-SYSGS,dci_cb_type,&DB_XITONGGUISHU,,,,,,,,8,,__ERASE__
:R:A:BAS:TVF_:dioBAS-MANAUTO,dio_type,&DB_SHOUDONGZIDONGKONGZHI,,,,,,,,9,"Int2String(Byte2Int([.value],0,2))",
:R:A:BAS:TVF_:dioBAS-FWDCTL,dio_type,&DB_ZHEN2,,,,,,,,10,"Int2String(Byte2Int([.value],0,2))",
:R:A:BAS:TVF_:dioBAS-REVCTL,dio_type,&DB_FANZ1,,,,,,,,11,"Int2String(Byte2Int([.value],0,2))",
:R:A:BAS:TVF_:dioBAS-STOP,dio_type,&DB_TING3,,,,,,,,12,"Int2String(Byte2Int([.value],0,2))",
:R:A:BAS:TEF_:dciBAS-MANAUTO,dci_cb_type,&DB_SHOUDONGZIDONGZHUANGTAI,,,,,,,,1,,__ERASE__
:R:A:BAS:TEF_:dciBAS-BASLOC,dci_cb_type,&DB_BASHUANKONGJIUDIBIANPIN,,,,,,,,2,,__ERASE__
:R:A:BAS:TEF_:dciBAS-ENCTL,dci_cb_type,&DB_BASHUANKONGBIANPIN,,,,,,,,3,,__ERASE__
:R:A:BAS:TEF_:dciBAS-RUNSTA,dci_cb_type,&DB_BIAN,,,,,,,,4,,__ERASE__
:R:A:BAS:TEF_:dciBAS-STOPSTA,dci_cb_type,&DB_BIAN1,,,,,,,,5,,__ERASE__
:R:A:BAS:TEF_:dciBAS-FALA,dci_cb_type,&DB_GUZH1,,,,,,,,6,,__ERASE__
:R:A:BAS:TEF_:dciBAS-ECSPOS,dci_cb_type,&DB_BASHUANKONGGONGPIN,,,,,,,,7,,__ERASE__
:R:A:BAS:TEF_:dciBAS-NCFRSTA,dci_cb_type,&DB_GONGPINBIANPINZHUANGTAI,,,,,,,,8,,__ERASE__
:R:A:BAS:TEF_:dciBAS-FRQOPER,dci_cb_type,&DB_GONG2,,,,,,,,9,,__ERASE__
:R:A:BAS:TEF_:dciBAS-FREQFLT,dci_cb_type,&DB_GONG3,,,,,,,,10,,__ERASE__
:R:A:BAS:TEF_:dciBAS-SYSGS,dci_cb_type,&DB_XITONGGUISHU,,,,,,,,11,,__ERASE__
:R:A:BAS:TEF_:dioBAS-MANAUTO,dio_type,&DB_SHOUDONGZIDONGKONGZHI,,,,,,,,12,"Int2String(Byte2Int([.value],0,2))",
:R:A:BAS:TEF_:dioBAS-START,dio_type,&DB_BIAN3,,,,,,,,13,"Int2String(Byte2Int([.value],0,2))",
:R:A:BAS:TEF_:dioBAS-STOP,dio_type,&DB_BIAN4,,,,,,,,14,"Int2String(Byte2Int([.value],0,2))",
:R:A:BAS:TEF_:dioBAS-FQSTART,dio_type,&DB_GONG4,,,,,,,,15,"Int2String(Byte2Int([.value],0,2))",
:R:A:BAS:TEF_:dioBAS-FQSTOP,dio_type,&DB_GONG5,,,,,,,,16,"Int2String(Byte2Int([.value],0,2))",
:R:A:BAS:TEF_:aciBAS-FEQFDBK,aci_cb_type,&DB_BIANPINGUIPINLVFANKUI,,&DB9,,,,,,17,"SCS_FTOA([.value],""2"",[.unit])",
:R:A:BAS:TEF_:aciBAS-AVGCUR,aci_cb_type,&DB_PINGJUNGONGZUODIANLIUZHI,,&DB_A,,,,,,18,"SCS_FTOA([.value],""2"",[.unit])",
:R:A:BAS:TEF_:aciBAS-AVGVOLT,aci_cb_type,&DB_PINGJUNGONGZUODIANYAZHI,,&DB_V,,,,,,19,"SCS_FTOA([.value],""2"",[.unit])",
:R:A:BAS:TEF_:aioBAS-FRQSET,aio_type,&DB_PINLVSHEDING,,&DB9,,,,,,20,"SCS_FTOA([.value],""0"",[.unit])",
:R:A:BAS:JET_:dciBAS-MANAUTO,dci_cb_type,&DB_SHOUDONGZIDONGZHUANGTAI,,,,,,,,1,,__ERASE__
:R:A:BAS:JET_:dciBAS-BASLOC,dci_cb_type,&DB_BASHUANKONGJIUDI,,,,,,,,2,,__ERASE__
:R:A:BAS:JET_:dciBAS-BASECS,dci_cb_type,&DB_BASH,,,,,,,,3,,__ERASE__
:R:A:BAS:JET_:dciBAS-FOWSTA,dci_cb_type,&DB_ZHEN1,,,,,,,,4,,__ERASE__
:R:A:BAS:JET_:dciBAS-REVSTA,dci_cb_type,&DB_FANZ,,,,,,,,5,,__ERASE__
:R:A:BAS:JET_:dciBAS-STPSTA,dci_cb_type,&DB_TING2,,,,,,,,6,,__ERASE__
:R:A:BAS:JET_:dciBAS-FALA,dci_cb_type,&DB_GUZH1,,,,,,,,7,,__ERASE__
:R:A:BAS:JET_:dciBAS-SYSGS,dci_cb_type,&DB_XITONGGUISHU,,,,,,,,8,,__ERASE__
:R:A:BAS:JET_:dioBAS-MANAUTO,dio_type,&DB_SHOUDONGZIDONGKONGZHI,,,,,,,,9,"Int2String(Byte2Int([.value],0,2))",
:R:A:BAS:JET_:dioBAS-FWDCTL,dio_type,&DB_ZHEN2,,,,,,,,10,"Int2String(Byte2Int([.value],0,2))",
:R:A:BAS:JET_:dioBAS-REVCTL,dio_type,&DB_FANZ1,,,,,,,,11,"Int2String(Byte2Int([.value],0,2))",
:R:A:BAS:JET_:dioBAS-STOP,dio_type,&DB_TING3,,,,,,,,12,"Int2String(Byte2Int([.value],0,2))",
:R:A:BAS:FAND:dciBAS-MANAUTO,dci_cb_type,&DB_SHOUDONGZIDONGZHUANGTAI,,,,,,,,1,,__ERASE__
:R:A:BAS:FAND:dciBAS-BASLOC,dci_cb_type,&DB_BASHUANKONGJIUDI,,,,,,,,2,,__ERASE__
:R:A:BAS:FAND:dciBAS-BASECS,dci_cb_type,&DB_BASH,,,,,,,,3,,__ERASE__
:R:A:BAS:FAND:dciBAS-EXESTA,dci_cb_type,&DB_YUNXINGZHUANGTAI,,,,,,,,4,,__ERASE__
:R:A:BAS:FAND:dciBAS-STPSTA,dci_cb_type,&DB_TING2,,,,,,,,5,,__ERASE__
:R:A:BAS:FAND:dciBAS-FALA,dci_cb_type,&DB_GUZH1,,,,,,,,6,,__ERASE__
:R:A:BAS:FAND:dciBAS-SYSGS,dci_cb_type,&DB_XITONGGUISHU,,,,,,,,7,,__ERASE__
:R:A:BAS:FAND:dioBAS-MANAUTO,dio_type,&DB_SHOUDONGZIDONGKONGZHI,,,,,,,,8,"Int2String(Byte2Int([.value],0,2))",
:R:A:BAS:FAND:dioBAS-START,dio_type,&DB_QIDO,,,,,,,,9,"Int2String(Byte2Int([.value],0,2))",
:R:A:BAS:FAND:dioBAS-STOP,dio_type,&DB_TING3,,,,,,,,10,"Int2String(Byte2Int([.value],0,2))",
:R:A:BAS:FANX:dciBAS-MANAUTO,dci_cb_type,&DB_SHOUDONGZIDONGZHUANGTAI,,,,,,,,1,,__ERASE__
:R:A:BAS:FANX:dciBAS-BASLOC,dci_cb_type,&DB_BASHUANKONGJIUDI,,,,,,,,2,,__ERASE__
:R:A:BAS:FANX:dciBAS-BASECS,dci_cb_type,&DB_BASH,,,,,,,,3,,__ERASE__
:R:A:BAS:FANX:dciBAS-EXESTA,dci_cb_type,&DB_YUNXINGZHUANGTAI,,,,,,,,4,,__ERASE__
:R:A:BAS:FANX:dciBAS-STPSTA,dci_cb_type,&DB_TING2,,,,,,,,5,,__ERASE__
:R:A:BAS:FANX:dciBAS-FALA,dci_cb_type,&DB_GUZH1,,,,,,,,6,,__ERASE__
:R:A:BAS:FANX:dciBAS-SYSGS,dci_cb_type,&DB_XITONGGUISHU,,,,,,,,7,,__ERASE__
:R:A:BAS:FANX:dioBAS-MANAUTO,dio_type,&DB_SHOUDONGZIDONGKONGZHI,,,,,,,,8,"Int2String(Byte2Int([.value],0,2))",
:R:A:BAS:FANX:dioBAS-START,dio_type,&DB_QIDO,,,,,,,,9,"Int2String(Byte2Int([.value],0,2))",
:R:A:BAS:FANX:dioBAS-STOP,dio_type,&DB_TING3,,,,,,,,10,"Int2String(Byte2Int([.value],0,2))",
:R:A:BAS:FANR:dciBAS-MANAUTO,dci_cb_type,&DB_SHOUDONGZIDONGZHUANGTAI,,,,,,,,1,,__ERASE__
:R:A:BAS:FANR:dciBAS-BASLOC,dci_cb_type,&DB_BASHUANKONGJIUDI,,,,,,,,2,,__ERASE__
:R:A:BAS:FANR:dciBAS-BASECS,dci_cb_type,&DB_BASH,,,,,,,,3,,__ERASE__
:R:A:BAS:FANR:dciBAS-EXESTA,dci_cb_type,&DB_YUNXINGZHUANGTAI,,,,,,,,4,,__ERASE__
:R:A:BAS:FANR:dciBAS-STPSTA,dci_cb_type,&DB_TING2,,,,,,,,5,,__ERASE__
:R:A:BAS:FANR:dciBAS-FALA,dci_cb_type,&DB_GUZH1,,,,,,,,6,,__ERASE__
:R:A:BAS:FANR:dciBAS-SYSGS,dci_cb_type,&DB_XITONGGUISHU,,,,,,,,7,,__ERASE__
:R:A:BAS:FANR:dioBAS-MANAUTO,dio_type,&DB_SHOUDONGZIDONGKONGZHI,,,,,,,,8,"Int2String(Byte2Int([.value],0,2))",
:R:A:BAS:FANR:dioBAS-START,dio_type,&DB_QIDO,,,,,,,,9,"Int2String(Byte2Int([.value],0,2))",
:R:A:BAS:FANR:dioBAS-STOP,dio_type,&DB_TING3,,,,,,,,10,"Int2String(Byte2Int([.value],0,2))",
:R:A:BAS:LQB_:dciBAS-MANAUTO,dci_cb_type,&DB_SHOUDONGZIDONGZHUANGTAI,,,,,,,,1,,__ERASE__
:R:A:BAS:LQB_:dciBAS-BASLOC,dci_cb_type,&DB_BASHUANKONGJIUDI,,,,,,,,2,,__ERASE__
:R:A:BAS:LQB_:dciBAS-BASECS,dci_cb_type,&DB_BASH,,,,,,,,3,,__ERASE__
:R:A:BAS:LQB_:dciBAS-EXESTA,dci_cb_type,&DB_YUNXINGZHUANGTAI,,,,,,,,4,,__ERASE__
:R:A:BAS:LQB_:dciBAS-STPSTA,dci_cb_type,&DB_TING2,,,,,,,,5,,__ERASE__
:R:A:BAS:LQB_:dciBAS-FALA,dci_cb_type,&DB_GUZH1,,,,,,,,6,,__ERASE__
:R:A:BAS:LQB_:dciBAS-SYSGS,dci_cb_type,&DB_XITONGGUISHU,,,,,,,,7,,__ERASE__
:R:A:BAS:LQB_:dioBAS-MANAUTO,dio_type,&DB_SHOUDONGZIDONGKONGZHI,,,,,,,,8,"Int2String(Byte2Int([.value],0,2))",
:R:A:BAS:LQB_:dioBAS-START,dio_type,&DB_QIDO,,,,,,,,9,"Int2String(Byte2Int([.value],0,2))",
:R:A:BAS:LQB_:dioBAS-STOP,dio_type,&DB_TING3,,,,,,,,10,"Int2String(Byte2Int([.value],0,2))",
:R:A:BAS:LQT_:dciBAS-MANAUTO,dci_cb_type,&DB_SHOUDONGZIDONGZHUANGTAI,,,,,,,,1,,__ERASE__
:R:A:BAS:LQT_:dciBAS-BASLOC,dci_cb_type,&DB_BASHUANKONGJIUDI,,,,,,,,2,,__ERASE__
:R:A:BAS:LQT_:dciBAS-BASECS,dci_cb_type,&DB_BASH,,,,,,,,3,,__ERASE__
:R:A:BAS:LQT_:dciBAS-EXESTA,dci_cb_type,&DB_YUNXINGZHUANGTAI,,,,,,,,4,,__ERASE__
:R:A:BAS:LQT_:dciBAS-STPSTA,dci_cb_type,&DB_TING2,,,,,,,,5,,__ERASE__
:R:A:BAS:LQT_:dciBAS-FALA,dci_cb_type,&DB_GUZH1,,,,,,,,6,,__ERASE__
:R:A:BAS:LQT_:dciBAS-SYSGS,dci_cb_type,&DB_XITONGGUISHU,,,,,,,,7,,__ERASE__
:R:A:BAS:LQT_:dioBAS-MANAUTO,dio_type,&DB_SHOUDONGZIDONGKONGZHI,,,,,,,,8,"Int2String(Byte2Int([.value],0,2))",
:R:A:BAS:LQT_:dioBAS-START,dio_type,&DB_QIDO,,,,,,,,9,"Int2String(Byte2Int([.value],0,2))",
:R:A:BAS:LQT_:dioBAS-STOP,dio_type,&DB_TING3,,,,,,,,10,"Int2String(Byte2Int([.value],0,2))",
:R:A:BAS:HPFD:dciBAS-MANAUTO,dci_cb_type,&DB_SHOUDONGZIDONGZHUANGTAI,,,,,,,,1,,__ERASE__
:R:A:BAS:HPFD:dciBAS-BASLOC,dci_cb_type,&DB_BASHUANKONGJIUDIBIANPIN,,,,,,,,2,,__ERASE__
:R:A:BAS:HPFD:dciBAS-ENCTL,dci_cb_type,&DB_BASHUANKONGBIANPIN,,,,,,,,3,,__ERASE__
:R:A:BAS:HPFD:dciBAS-RUNSTA,dci_cb_type,&DB_BIAN,,,,,,,,4,,__ERASE__
:R:A:BAS:HPFD:dciBAS-STOPSTA,dci_cb_type,&DB_BIAN1,,,,,,,,5,,__ERASE__
:R:A:BAS:HPFD:dciBAS-FALA,dci_cb_type,&DB_GUZH1,,,,,,,,6,,__ERASE__
:R:A:BAS:HPFD:dciBAS-ECSPOS,dci_cb_type,&DB_BASHUANKONGGONGPIN,,,,,,,,7,,__ERASE__
:R:A:BAS:HPFD:dciBAS-NCFRSTA,dci_cb_type,&DB_GONGPINBIANPINZHUANGTAI,,,,,,,,8,,__ERASE__
:R:A:BAS:HPFD:dciBAS-FRQOPER,dci_cb_type,&DB_GONG2,,,,,,,,9,,__ERASE__
:R:A:BAS:HPFD:dciBAS-FREQFLT,dci_cb_type,&DB_GONG3,,,,,,,,10,,__ERASE__
:R:A:BAS:HPFD:dciBAS-SYSGS,dci_cb_type,&DB_XITONGGUISHU,,,,,,,,11,,__ERASE__
:R:A:BAS:HPFD:dioBAS-MANAUTO,dio_type,&DB_SHOUDONGZIDONGKONGZHI,,,,,,,,12,"Int2String(Byte2Int([.value],0,2))",
:R:A:BAS:HPFD:dioBAS-START,dio_type,&DB_BIAN3,,,,,,,,13,"Int2String(Byte2Int([.value],0,2))",
:R:A:BAS:HPFD:dioBAS-STOP,dio_type,&DB_BIAN4,,,,,,,,14,"Int2String(Byte2Int([.value],0,2))",
:R:A:BAS:HPFD:dioBAS-FQSTART,dio_type,&DB_GONG4,,,,,,,,15,"Int2String(Byte2Int([.value],0,2))",
:R:A:BAS:HPFD:dioBAS-FQSTOP,dio_type,&DB_GONG5,,,,,,,,16,"Int2String(Byte2Int([.value],0,2))",
:R:A:BAS:HPFD:aciBAS-FEQFDBK,aci_cb_type,&DB_BIANPINGUIPINLVFANKUI,,&DB9,,,,,,17,"SCS_FTOA([.value],""2"",[.unit])",
:R:A:BAS:HPFD:aciBAS-AVGCUR,aci_cb_type,&DB_PINGJUNGONGZUODIANLIUZHI,,&DB_A,,,,,,18,"SCS_FTOA([.value],""2"",[.unit])",
:R:A:BAS:HPFD:aciBAS-AVGVOLT,aci_cb_type,&DB_PINGJUNGONGZUODIANYAZHI,,&DB_V,,,,,,19,"SCS_FTOA([.value],""2"",[.unit])",
:R:A:BAS:HPFD:aioBAS-FRQSET,aio_type,&DB_PINLVSHEDING,,&DB9,,,,,,20,"SCS_FTOA([.value],""0"",[.unit])",
:R:A:BAS:AHUD:dciBAS-MANAUTO,dci_cb_type,&DB_SHOUDONGZIDONGZHUANGTAI,,,,,,,,1,,__ERASE__
:R:A:BAS:AHUD:dciBAS-BASLOC,dci_cb_type,&DB_BASHUANKONGJIUDIBIANPIN,,,,,,,,2,,__ERASE__
:R:A:BAS:AHUD:dciBAS-ENCTL,dci_cb_type,&DB_BASHUANKONGBIANPIN,,,,,,,,3,,__ERASE__
:R:A:BAS:AHUD:dciBAS-RUNSTA,dci_cb_type,&DB_BIAN,,,,,,,,4,,__ERASE__
:R:A:BAS:AHUD:dciBAS-STOPSTA,dci_cb_type,&DB_BIAN1,,,,,,,,5,,__ERASE__
:R:A:BAS:AHUD:dciBAS-FALA,dci_cb_type,&DB_GUZH1,,,,,,,,6,,__ERASE__
:R:A:BAS:AHUD:dciBAS-ECSPOS,dci_cb_type,&DB_BASHUANKONGGONGPIN,,,,,,,,7,,__ERASE__
:R:A:BAS:AHUD:dciBAS-NCFRSTA,dci_cb_type,&DB_GONGPINBIANPINZHUANGTAI,,,,,,,,8,,__ERASE__
:R:A:BAS:AHUD:dciBAS-FRQOPER,dci_cb_type,&DB_GONG2,,,,,,,,9,,__ERASE__
:R:A:BAS:AHUD:dciBAS-FREQFLT,dci_cb_type,&DB_GONG3,,,,,,,,10,,__ERASE__
:R:A:BAS:AHUD:dciBAS-SYSGS,dci_cb_type,&DB_XITONGGUISHU,,,,,,,,11,,__ERASE__
:R:A:BAS:AHUD:dioBAS-MANAUTO,dio_type,&DB_SHOUDONGZIDONGKONGZHI,,,,,,,,12,"Int2String(Byte2Int([.value],0,2))",
:R:A:BAS:AHUD:dioBAS-START,dio_type,&DB_BIAN3,,,,,,,,13,"Int2String(Byte2Int([.value],0,2))",
:R:A:BAS:AHUD:dioBAS-STOP,dio_type,&DB_BIAN4,,,,,,,,14,"Int2String(Byte2Int([.value],0,2))",
:R:A:BAS:AHUD:dioBAS-FQSTART,dio_type,&DB_GONG4,,,,,,,,15,"Int2String(Byte2Int([.value],0,2))",
:R:A:BAS:AHUD:dioBAS-FQSTOP,dio_type,&DB_GONG5,,,,,,,,16,"Int2String(Byte2Int([.value],0,2))",
:R:A:BAS:AHUD:aciBAS-FEQFDBK,aci_cb_type,&DB_BIANPINGUIPINLVFANKUI,,&DB9,,,,,,17,"SCS_FTOA([.value],""2"",[.unit])",
:R:A:BAS:AHUD:aciBAS-AVGCUR,aci_cb_type,&DB_PINGJUNGONGZUODIANLIUZHI,,&DB_A,,,,,,18,"SCS_FTOA([.value],""2"",[.unit])",
:R:A:BAS:AHUD:aciBAS-AVGVOLT,aci_cb_type,&DB_PINGJUNGONGZUODIANYAZHI,,&DB_V,,,,,,19,"SCS_FTOA([.value],""2"",[.unit])",
:R:A:BAS:AHUD:aioBAS-FRQSET,aio_type,&DB_PINLVSHEDING,,&DB9,,,,,,20,"SCS_FTOA([.value],""0"",[.unit])",
:R:A:BAS:LDB_:dciBAS-MANAUTO,dci_cb_type,&DB_SHOUDONGZIDONGZHUANGTAI,,,,,,,,1,,__ERASE__
:R:A:BAS:LDB_:dciBAS-BASLOC,dci_cb_type,&DB_BASHUANKONGJIUDIBIANPIN1,,,,,,,,2,,__ERASE__
:R:A:BAS:LDB_:dciBAS-ENCTL,dci_cb_type,&DB_BASHUANKONGBIANPIN,,,,,,,,3,,__ERASE__
:R:A:BAS:LDB_:dciBAS-RUNSTA,dci_cb_type,&DB_BIAN,,,,,,,,4,,__ERASE__
:R:A:BAS:LDB_:dciBAS-STOPSTA,dci_cb_type,&DB_BIAN1,,,,,,,,5,,__ERASE__
:R:A:BAS:LDB_:dciBAS-FALA,dci_cb_type,&DB_GUZH1,,,,,,,,6,,__ERASE__
:R:A:BAS:LDB_:dciBAS-ECSPOS,dci_cb_type,&DB_BASHUANKONGGONGPIN,,,,,,,,7,,__ERASE__
:R:A:BAS:LDB_:dciBAS-NCFRSTA,dci_cb_type,&DB_GONGPINBIANPINZHUANGTAI,,,,,,,,8,,__ERASE__
:R:A:BAS:LDB_:dciBAS-FRQOPER,dci_cb_type,&DB_GONGPINYUNXINGZHUANGTAI,,,,,,,,9,,__ERASE__
:R:A:BAS:LDB_:dciBAS-FREQFLT,dci_cb_type,&DB_GONGPINGUZHANGZHUANGTAI,,,,,,,,10,,__ERASE__
:R:A:BAS:LDB_:dciBAS-SYSGS,dci_cb_type,&DB_XITONGGUISHU,,,,,,,,11,,__ERASE__
:R:A:BAS:LDB_:dioBAS-MANAUTO,dio_type,&DB_SHOUDONGZIDONGKONGZHI,,,,,,,,12,"Int2String(Byte2Int([.value],0,2))",
:R:A:BAS:LDB_:dioBAS-START,dio_type,&DB_BIAN3,,,,,,,,13,"Int2String(Byte2Int([.value],0,2))",
:R:A:BAS:LDB_:dioBAS-STOP,dio_type,&DB_BIAN4,,,,,,,,14,"Int2String(Byte2Int([.value],0,2))",
:R:A:BAS:LDB_:dioBAS-FQSTART,dio_type,&DB_GONG4,,,,,,,,15,"Int2String(Byte2Int([.value],0,2))",
:R:A:BAS:LDB_:dioBAS-FQSTOP,dio_type,&DB_GONG5,,,,,,,,16,"Int2String(Byte2Int([.value],0,2))",
:R:A:BAS:LDB_:aciBAS-FEQFDBK,aci_cb_type,&DB_BIANPINGUIPINLVFANKUI,,&DB9,,,,,,17,"SCS_FTOA([.value],""2"",[.unit])",
:R:A:BAS:LDB_:aciBAS-AVGCUR,aci_cb_type,&DB_PINGJUNGONGZUODIANLIUZHI,,&DB_A,,,,,,18,"SCS_FTOA([.value],""2"",[.unit])",
:R:A:BAS:LDB_:aciBAS-AVGVOLT,aci_cb_type,&DB_PINGJUNGONGZUODIANYAZHI,,&DB_V,,,,,,19,"SCS_FTOA([.value],""2"",[.unit])",
:R:A:BAS:LDB_:aioBAS-FRQSET,aio_type,&DB_PINLVSHEDING,,&DB9,,,,,,20,"SCS_FTOA([.value],""0"",[.unit])",
:R:A:BAS:DDZF:dciBAS-MANAUTO,dci_cb_type,&DB_SHOUDONGZIDONGZHUANGTAI,,,,,,,,1,,__ERASE__
:R:A:BAS:DDZF:dciBAS-BASLOC,dci_cb_type,&DB_BASHUANKONGJIUDI,,,,,,,,2,,__ERASE__
:R:A:BAS:DDZF:dciBAS-ENCTL,dci_cb_type,&DB_BASH,,,,,,,,3,,__ERASE__
:R:A:BAS:DDZF:dciBAS-OPENSTA,dci_cb_type,&DB_KAID,,,,,,,,4,,__ERASE__
:R:A:BAS:DDZF:dciBAS-CLOSTA,dci_cb_type,&DB_GUAN2,,,,,,,,5,,__ERASE__
:R:A:BAS:DDZF:dciBAS-VLVALM,dci_cb_type,&DB_GUZH1,,,,,,,,6,,__ERASE__
:R:A:BAS:DDZF:dciBAS-SYSGS,dci_cb_type,&DB_XITONGGUISHU,,,,,,,,7,,__ERASE__
:R:A:BAS:DDZF:dioBAS-MANAUTO,dio_type,&DB_SHOUDONGZIDONGKONGZHI,,,,,,,,8,"Int2String(Byte2Int([.value],0,2))",
:R:A:BAS:DDZF:dioBAS-VLVOPN,dio_type,&DB_KAIFAKONGZHI,,,,,,,,9,"Int2String(Byte2Int([.value],0,2))",
:R:A:BAS:DDZF:dioBAS-VLVCLO,dio_type,&DB_GUANFAKONGZHI,,,,,,,,10,"Int2String(Byte2Int([.value],0,2))",
:R:A:BAS:DDFD:dciBAS-MANAUTO,dci_cb_type,&DB_SHOUDONGZIDONGZHUANGTAI,,,,,,,,1,,__ERASE__
:R:A:BAS:DDFD:dciBAS-BASECS,dci_cb_type,&DB_BASH,,,,,,,,2,,__ERASE__
:R:A:BAS:DDFD:dciBAS-OPENSTA,dci_cb_type,&DB_KAID,,,,,,,,3,,__ERASE__
:R:A:BAS:DDFD:dciBAS-CLOSTA,dci_cb_type,&DB_GUAN2,,,,,,,,4,,__ERASE__
:R:A:BAS:DDFD:dciBAS-VLVALM,dci_cb_type,&DB_GUZH1,,,,,,,,5,,__ERASE__
:R:A:BAS:DDFD:dciBAS-SYSGS,dci_cb_type,&DB_XITONGGUISHU,,,,,,,,6,,__ERASE__
:R:A:BAS:DDFD:dioBAS-MANAUTO,dio_type,&DB_SHOUDONGZIDONGKONGZHI,,,,,,,,7,"Int2String(Byte2Int([.value],0,2))",
:R:A:BAS:DDFD:dioBAS-VLVOPN,dio_type,&DB_KAIFAKONGZHI,,,,,,,,8,"Int2String(Byte2Int([.value],0,2))",
:R:A:BAS:DDFD:dioBAS-VLVCLO,dio_type,&DB_GUANFAKONGZHI,,,,,,,,9,"Int2String(Byte2Int([.value],0,2))",
:R:A:BAS:DDFX:dciBAS-MANAUTO,dci_cb_type,&DB_SHOUDONGZIDONGZHUANGTAI,,,,,,,,1,,__ERASE__
:R:A:BAS:DDFX:dciBAS-BASECS,dci_cb_type,&DB_BASH,,,,,,,,2,,__ERASE__
:R:A:BAS:DDFX:dciBAS-OPENSTA,dci_cb_type,&DB_KAID,,,,,,,,3,,__ERASE__
:R:A:BAS:DDFX:dciBAS-CLOSTA,dci_cb_type,&DB_GUAN2,,,,,,,,4,,__ERASE__
:R:A:BAS:DDFX:dciBAS-VLVALM,dci_cb_type,&DB_GUZH1,,,,,,,,5,,__ERASE__
:R:A:BAS:DDFX:dciBAS-SYSGS,dci_cb_type,&DB_XITONGGUISHU,,,,,,,,6,,__ERASE__
:R:A:BAS:DDFX:dioBAS-MANAUTO,dio_type,&DB_SHOUDONGZIDONGKONGZHI,,,,,,,,7,"Int2String(Byte2Int([.value],0,2))",
:R:A:BAS:DDFX:dioBAS-VLVOPN,dio_type,&DB_KAIFAKONGZHI,,,,,,,,8,"Int2String(Byte2Int([.value],0,2))",
:R:A:BAS:DDFX:dioBAS-VLVCLO,dio_type,&DB_GUANFAKONGZHI,,,,,,,,9,"Int2String(Byte2Int([.value],0,2))",
:R:A:BAS:DDFR:dciBAS-MANAUTO,dci_cb_type,&DB_SHOUDONGZIDONGZHUANGTAI,,,,,,,,1,,__ERASE__
:R:A:BAS:DDFR:dciBAS-BASECS,dci_cb_type,&DB_BASH,,,,,,,,2,,__ERASE__
:R:A:BAS:DDFR:dciBAS-OPENSTA,dci_cb_type,&DB_KAID,,,,,,,,3,,__ERASE__
:R:A:BAS:DDFR:dciBAS-CLOSTA,dci_cb_type,&DB_GUAN2,,,,,,,,4,,__ERASE__
:R:A:BAS:DDFR:dciBAS-VLVALM,dci_cb_type,&DB_GUZH1,,,,,,,,5,,__ERASE__
:R:A:BAS:DDFR:dciBAS-SYSGS,dci_cb_type,&DB_XITONGGUISHU,,,,,,,,6,,__ERASE__
:R:A:BAS:DDFR:dioBAS-MANAUTO,dio_type,&DB_SHOUDONGZIDONGKONGZHI,,,,,,,,7,"Int2String(Byte2Int([.value],0,2))",
:R:A:BAS:DDFR:dioBAS-VLVOPN,dio_type,&DB_KAIFAKONGZHI,,,,,,,,8,"Int2String(Byte2Int([.value],0,2))",
:R:A:BAS:DDFR:dioBAS-VLVCLO,dio_type,&DB_GUANFAKONGZHI,,,,,,,,9,"Int2String(Byte2Int([.value],0,2))",
:R:A:BAS:DDDF:dciBAS-MANAUTO,dci_cb_type,&DB_SHOUDONGZIDONGZHUANGTAI,,,,,,,,1,,__ERASE__
:R:A:BAS:DDDF:dciBAS-BASECS,dci_cb_type,&DB_BASH,,,,,,,,2,,__ERASE__
:R:A:BAS:DDDF:dciBAS-OPENSTA,dci_cb_type,&DB_KAID,,,,,,,,3,,__ERASE__
:R:A:BAS:DDDF:dciBAS-CLOSTA,dci_cb_type,&DB_GUAN2,,,,,,,,4,,__ERASE__
:R:A:BAS:DDDF:dciBAS-VLVALM,dci_cb_type,&DB_GUZH1,,,,,,,,5,,__ERASE__
:R:A:BAS:DDDF:dciBAS-SYSGS,dci_cb_type,&DB_XITONGGUISHU,,,,,,,,6,,__ERASE__
:R:A:BAS:DDDF:dioBAS-MANAUTO,dio_type,&DB_SHOUDONGZIDONGKONGZHI,,,,,,,,7,"Int2String(Byte2Int([.value],0,2))",
:R:A:BAS:DDDF:dioBAS-VLVOPN,dio_type,&DB_KAIFAKONGZHI,,,,,,,,8,"Int2String(Byte2Int([.value],0,2))",
:R:A:BAS:DDDF:dioBAS-VLVCLO,dio_type,&DB_GUANFAKONGZHI,,,,,,,,9,"Int2String(Byte2Int([.value],0,2))",
:R:A:BAS:TDDF:dciBAS-MANAUTO,dci_cb_type,&DB_SHOUDONGZIDONGZHUANGTAI,,,,,,,,1,,__ERASE__
:R:A:BAS:TDDF:dciBAS-ENCTL,dci_cb_type,&DB_BASH,,,,,,,,2,,__ERASE__
:R:A:BAS:TDDF:dciBAS-FULOPN,dci_cb_type,&DB_QUAN,,,,,,,,3,,__ERASE__
:R:A:BAS:TDDF:dciBAS-HLVOPN,dci_cb_type,&DB_BANK,,,,,,,,4,,__ERASE__
:R:A:BAS:TDDF:dciBAS-CLOSTA,dci_cb_type,&DB_GUAN2,,,,,,,,5,,__ERASE__
:R:A:BAS:TDDF:dciBAS-VLVALM,dci_cb_type,&DB_GUZH1,,,,,,,,6,,__ERASE__
:R:A:BAS:TDDF:dciBAS-SYSGS,dci_cb_type,&DB_XITONGGUISHU,,,,,,,,7,,__ERASE__
:R:A:BAS:TDDF:dioBAS-MANAUTO,dio_type,&DB_SHOUDONGZIDONGKONGZHI,,,,,,,,8,"Int2String(Byte2Int([.value],0,2))",
:R:A:BAS:TDDF:dioBAS-FLOPN,dio_type,&DB_QUAN1,,,,,,,,9,"Int2String(Byte2Int([.value],0,2))",
:R:A:BAS:TDDF:dioBAS-HVOPN,dio_type,&DB_BANK1,,,,,,,,10,"Int2String(Byte2Int([.value],0,2))",
:R:A:BAS:TDDF:dioBAS-CLOCMD,dio_type,&DB_GUAN3,,,,,,,,11,"Int2String(Byte2Int([.value],0,2))",
:R:A:BAS:XDDF:dciBAS-MANAUTO,dci_cb_type,&DB_SHOUDONGZIDONGZHUANGTAI,,,,,,,,1,,__ERASE__
:R:A:BAS:XDDF:dciBAS-ENCTL,dci_cb_type,&DB_BASH,,,,,,,,2,,__ERASE__
:R:A:BAS:XDDF:dciBAS-FULOPN,dci_cb_type,&DB_QUAN,,,,,,,,3,,__ERASE__
:R:A:BAS:XDDF:dciBAS-HLVOPN,dci_cb_type,&DB_BANK,,,,,,,,4,,__ERASE__
:R:A:BAS:XDDF:dciBAS-CLOSTA,dci_cb_type,&DB_GUAN2,,,,,,,,5,,__ERASE__
:R:A:BAS:XDDF:dciBAS-VLVALM,dci_cb_type,&DB_GUZH1,,,,,,,,6,,__ERASE__
:R:A:BAS:XDDF:dciBAS-SYSGS,dci_cb_type,&DB_XITONGGUISHU,,,,,,,,7,,__ERASE__
:R:A:BAS:XDDF:dioBAS-MANAUTO,dio_type,&DB_SHOUDONGZIDONGKONGZHI,,,,,,,,8,"Int2String(Byte2Int([.value],0,2))",
:R:A:BAS:XDDF:dioBAS-FLOPN,dio_type,&DB_QUAN1,,,,,,,,9,"Int2String(Byte2Int([.value],0,2))",
:R:A:BAS:XDDF:dioBAS-HVOPN,dio_type,&DB_BANK1,,,,,,,,10,"Int2String(Byte2Int([.value],0,2))",
:R:A:BAS:XDDF:dioBAS-CLOCMD,dio_type,&DB_GUAN3,,,,,,,,11,"Int2String(Byte2Int([.value],0,2))",
:R:A:BAS:DJSB:dciBAS-MANAUTO,dci_cb_type,&DB_SHOUDONGZIDONGZHUANGTAI,,,,,,,,1,,__ERASE__
:R:A:BAS:DJSB:dciBAS-LOCAL,dci_cb_type,&DB_JIUD,,,,,,,,2,,__ERASE__
:R:A:BAS:DJSB:dciBAS-REMOTE,dci_cb_type,&DB_YUAN,,,,,,,,3,,__ERASE__
:R:A:BAS:DJSB:dciBAS-RUNSTOP1,dci_cb_type,&DB_1BENGYUNXINGTINGZHIZHUANGTAI,,,,,,,,4,,__ERASE__
:R:A:BAS:DJSB:dciBAS-FLTALM1,dci_cb_type,&DB_1BEN2,,,,,,,,5,,__ERASE__
:R:A:BAS:DJSB:dciBAS-RUNSTOP2,dci_cb_type,&DB_2BENGYUNXINGTINGZHIZHUANGTAI,,,,,,,,6,,__ERASE__
:R:A:BAS:DJSB:dciBAS-FLTALM2,dci_cb_type,&DB_2BEN2,,,,,,,,7,,__ERASE__
:R:A:BAS:DJSB:dciBAS-UHLALM,dci_cb_type,&DB_CHAO,,,,,,,,8,,__ERASE__
:R:A:BAS:DJSB:dciBAS-DWPUMP,dci_cb_type,&DB_QISH,,,,,,,,9,,__ERASE__
:R:A:BAS:DJSB:dciBAS-SIGPUMP,dci_cb_type,&DB_QIDA,,,,,,,,10,,__ERASE__
:R:A:BAS:DJSB:dciBAS-STPPUMP,dci_cb_type,&DB_TING4,,,,,,,,11,,__ERASE__
:R:A:BAS:DJSB:dciBAS-LLALM,dci_cb_type,&DB_CHAO1,,,,,,,,12,,__ERASE__
:R:A:BAS:DJSB:dciBAS-MPRTFLT1,dci_cb_type,&DB_1BENGMADABAOHUQIGUZHANG,,,,,,,,13,,__ERASE__
:R:A:BAS:DJSB:dciBAS-MPRTFLT2,dci_cb_type,&DB_2BENGMADABAOHUQIGUZHANG,,,,,,,,14,,__ERASE__
:R:A:BAS:DJSB:dciBAS-ULFLT,dci_cb_type,&DB_CHAOSHENGBOYEWEIJIGUZHANG,,,,,,,,15,,__ERASE__
:R:A:BAS:DJSB:dciBAS-SYSGS,dci_cb_type,&DB_XITONGGUISHU,,,,,,,,16,,__ERASE__
:R:A:BAS:DJSB:dioBAS-MANAUTO,dio_type,&DB_SHOUDONGZIDONGKONGZHI,,,,,,,,17,"Int2String(Byte2Int([.value],0,2))",
:R:A:BAS:DJSB:dioBAS-STARTPUP1,dio_type,&DB_1BEN3,,,,,,,,18,"Int2String(Byte2Int([.value],0,2))",
:R:A:BAS:DJSB:dioBAS-STOPPUP1,dio_type,&DB_1BEN4,,,,,,,,19,"Int2String(Byte2Int([.value],0,2))",
:R:A:BAS:DJSB:dioBAS-STARTPUP2,dio_type,&DB_2BEN3,,,,,,,,20,"Int2String(Byte2Int([.value],0,2))",
:R:A:BAS:DJSB:dioBAS-STOPPUP2,dio_type,&DB_2BEN4,,,,,,,,21,"Int2String(Byte2Int([.value],0,2))",
:R:A:BAS:DJSB:aciBAS-LEVSTA,aci_cb_type,&DB_YEWEIZHUANGTAI,,&DB10,,,,,,22,"SCS_FTOA([.value],""2"",[.unit])",
:R:A:BAS:DJSB:aciBAS-RUNTIME1,aci_cb_type,&DB_1BENGLEIJIYUNXINGSHIJIAN,,&DB11,,,,,,23,"SCS_FTOA([.value],""2"",[.unit])",
:R:A:BAS:DJSB:aciBAS-RUMTIME2,aci_cb_type,&DB_2BENGLEIJIYUNXINGSHIJIAN,,&DB11,,,,,,24,"SCS_FTOA([.value],""2"",[.unit])",
:R:A:BAS:SJSB:dciBAS-MANAUTO,dci_cb_type,&DB_SHOUDONGZIDONGZHUANGTAI,,,,,,,,1,,__ERASE__
:R:A:BAS:SJSB:dciBAS-LOCAL,dci_cb_type,&DB_JIUD,,,,,,,,2,,__ERASE__
:R:A:BAS:SJSB:dciBAS-REMOTE,dci_cb_type,&DB_YUAN,,,,,,,,3,,__ERASE__
:R:A:BAS:SJSB:dciBAS-RUNSTOP1,dci_cb_type,&DB_1BENGYUNXINGTINGZHIZHUANGTAI,,,,,,,,4,,__ERASE__
:R:A:BAS:SJSB:dciBAS-FLTALM1,dci_cb_type,&DB_1BEN2,,,,,,,,5,,__ERASE__
:R:A:BAS:SJSB:dciBAS-RUNSTOP2,dci_cb_type,&DB_2BENGYUNXINGTINGZHIZHUANGTAI,,,,,,,,6,,__ERASE__
:R:A:BAS:SJSB:dciBAS-FLTALM2,dci_cb_type,&DB_2BEN2,,,,,,,,7,,__ERASE__
:R:A:BAS:SJSB:dciBAS-UHLALM,dci_cb_type,&DB_CHAO,,,,,,,,8,,__ERASE__
:R:A:BAS:SJSB:dciBAS-DWPUMP,dci_cb_type,&DB_QISH,,,,,,,,9,,__ERASE__
:R:A:BAS:SJSB:dciBAS-SIGPUMP,dci_cb_type,&DB_QIDA,,,,,,,,10,,__ERASE__
:R:A:BAS:SJSB:dciBAS-STPPUMP,dci_cb_type,&DB_TING4,,,,,,,,11,,__ERASE__
:R:A:BAS:SJSB:dciBAS-LLALM,dci_cb_type,&DB_CHAO1,,,,,,,,12,,__ERASE__
:R:A:BAS:SJSB:dciBAS-MPRTFLT1,dci_cb_type,&DB_1BENGMADABAOHUQIGUZHANG,,,,,,,,13,,__ERASE__
:R:A:BAS:SJSB:dciBAS-MPRTFLT2,dci_cb_type,&DB_2BENGMADABAOHUQIGUZHANG,,,,,,,,14,,__ERASE__
:R:A:BAS:SJSB:dciBAS-MPRUNSG,dci_cb_type,&DB_ZHUYONGDIANYUANYUNXINGXINHAO,,,,,,,,15,,__ERASE__
:R:A:BAS:SJSB:dciBAS-BPRUNSG,dci_cb_type,&DB_BEIYONGDIANYUANYUNXINGXINHAO,,,,,,,,16,,__ERASE__
:R:A:BAS:SJSB:dciBAS-ULFLT,dci_cb_type,&DB_CHAOSHENGBOYEWEIJIGUZHANG,,,,,,,,17,,__ERASE__
:R:A:BAS:SJSB:dciBAS-SYSGS,dci_cb_type,&DB_XITONGGUISHU,,,,,,,,18,,__ERASE__
:R:A:BAS:SJSB:dioBAS-MANAUTO,dio_type,&DB_SHOUDONGZIDONGKONGZHI,,,,,,,,19,"Int2String(Byte2Int([.value],0,2))",
:R:A:BAS:SJSB:dioBAS-STARTPUP1,dio_type,&DB_1BEN3,,,,,,,,20,"Int2String(Byte2Int([.value],0,2))",
:R:A:BAS:SJSB:dioBAS-STOPPUP1,dio_type,&DB_1BEN4,,,,,,,,21,"Int2String(Byte2Int([.value],0,2))",
:R:A:BAS:SJSB:dioBAS-STARTPUP2,dio_type,&DB_2BEN3,,,,,,,,22,"Int2String(Byte2Int([.value],0,2))",
:R:A:BAS:SJSB:dioBAS-STOPPUP2,dio_type,&DB_2BEN4,,,,,,,,23,"Int2String(Byte2Int([.value],0,2))",
:R:A:BAS:SJSB:aciBAS-LEVSTA,aci_cb_type,&DB_YEWEIZHUANGTAI,,&DB10,,,,,,24,"SCS_FTOA([.value],""2"",[.unit])",
:R:A:BAS:SJSB:aciBAS-RUNTIME1,aci_cb_type,&DB_1BENGLEIJIYUNXINGSHIJIAN,,&DB11,,,,,,25,"SCS_FTOA([.value],""2"",[.unit])",
:R:A:BAS:SJSB:aciBAS-RUMTIME2,aci_cb_type,&DB_2BENGLEIJIYUNXINGSHIJIAN,,&DB11,,,,,,26,"SCS_FTOA([.value],""2"",[.unit])",
:R:A:BAS:QJSB:dciBAS-MANAUTO,dci_cb_type,&DB_SHOUDONGZIDONGZHUANGTAI,,,,,,,,1,,__ERASE__
:R:A:BAS:QJSB:dciBAS-LOCAL,dci_cb_type,&DB_JIUD,,,,,,,,2,,__ERASE__
:R:A:BAS:QJSB:dciBAS-REMOTE,dci_cb_type,&DB_YUAN,,,,,,,,3,,__ERASE__
:R:A:BAS:QJSB:dciBAS-RUNSTOP1,dci_cb_type,&DB_1BENGYUNXINGTINGZHIZHUANGTAI,,,,,,,,4,,__ERASE__
:R:A:BAS:QJSB:dciBAS-FLTALM1,dci_cb_type,&DB_1BEN2,,,,,,,,5,,__ERASE__
:R:A:BAS:QJSB:dciBAS-RUNSTOP2,dci_cb_type,&DB_2BENGYUNXINGTINGZHIZHUANGTAI,,,,,,,,6,,__ERASE__
:R:A:BAS:QJSB:dciBAS-FLTALM2,dci_cb_type,&DB_2BEN2,,,,,,,,7,,__ERASE__
:R:A:BAS:QJSB:dciBAS-UHLALM,dci_cb_type,&DB_CHAO,,,,,,,,8,,__ERASE__
:R:A:BAS:QJSB:dciBAS-DWPUMP,dci_cb_type,&DB_QISH,,,,,,,,9,,__ERASE__
:R:A:BAS:QJSB:dciBAS-SIGPUMP,dci_cb_type,&DB_QIDA,,,,,,,,10,,__ERASE__
:R:A:BAS:QJSB:dciBAS-STPPUMP,dci_cb_type,&DB_TING4,,,,,,,,11,,__ERASE__
:R:A:BAS:QJSB:dciBAS-LLALM,dci_cb_type,&DB_CHAO1,,,,,,,,12,,__ERASE__
:R:A:BAS:QJSB:dciBAS-MPRTFLT1,dci_cb_type,&DB_1BENGMADABAOHUQIGUZHANG,,,,,,,,13,,__ERASE__
:R:A:BAS:QJSB:dciBAS-MPRTFLT2,dci_cb_type,&DB_2BENGMADABAOHUQIGUZHANG,,,,,,,,14,,__ERASE__
:R:A:BAS:QJSB:dciBAS-MPRUNSG,dci_cb_type,&DB_ZHUYONGDIANYUANYUNXINGXINHAO,,,,,,,,15,,__ERASE__
:R:A:BAS:QJSB:dciBAS-BPRUNSG,dci_cb_type,&DB_BEIYONGDIANYUANYUNXINGXINHAO,,,,,,,,16,,__ERASE__
:R:A:BAS:QJSB:dciBAS-ULFLT,dci_cb_type,&DB_CHAOSHENGBOYEWEIJIGUZHANG,,,,,,,,17,,__ERASE__
:R:A:BAS:QJSB:dciBAS-SYSGS,dci_cb_type,&DB_XITONGGUISHU,,,,,,,,18,,__ERASE__
:R:A:BAS:QJSB:dioBAS-MANAUTO,dio_type,&DB_SHOUDONGZIDONGKONGZHI,,,,,,,,19,"Int2String(Byte2Int([.value],0,2))",
:R:A:BAS:QJSB:dioBAS-STARTPUP1,dio_type,&DB_1BEN3,,,,,,,,20,"Int2String(Byte2Int([.value],0,2))",
:R:A:BAS:QJSB:dioBAS-STOPPUP1,dio_type,&DB_1BEN4,,,,,,,,21,"Int2String(Byte2Int([.value],0,2))",
:R:A:BAS:QJSB:dioBAS-STARTPUP2,dio_type,&DB_2BEN3,,,,,,,,22,"Int2String(Byte2Int([.value],0,2))",
:R:A:BAS:QJSB:dioBAS-STOPPUP2,dio_type,&DB_2BEN4,,,,,,,,23,"Int2String(Byte2Int([.value],0,2))",
:R:A:BAS:QJSB:dioBAS-PUPRESET,dio_type,&DB_ZIDONGBASKONGZHI,,,,,,,,24,"Int2String(Byte2Int([.value],0,2))",
:R:A:BAS:QJSB:aciBAS-LEVSTA,aci_cb_type,&DB_YEWEIZHUANGTAI,,&DB10,,,,,,25,"SCS_FTOA([.value],""2"",[.unit])",
:R:A:BAS:QJSB:aciBAS-RUNTIME1,aci_cb_type,&DB_1BENGLEIJIYUNXINGSHIJIAN,,&DB11,,,,,,26,"SCS_FTOA([.value],""2"",[.unit])",
:R:A:BAS:QJSB:aciBAS-RUMTIME2,aci_cb_type,&DB_2BENGLEIJIYUNXINGSHIJIAN,,&DB11,,,,,,27,"SCS_FTOA([.value],""2"",[.unit])",
:R:A:BAS:TJSB:dciBAS-MANAUTO,dci_cb_type,&DB_SHOUDONGZIDONGZHUANGTAI,,,,,,,,1,,__ERASE__
:R:A:BAS:TJSB:dciBAS-LOCAL,dci_cb_type,&DB_JIUD,,,,,,,,2,,__ERASE__
:R:A:BAS:TJSB:dciBAS-REMOTE,dci_cb_type,&DB_YUAN,,,,,,,,3,,__ERASE__
:R:A:BAS:TJSB:dciBAS-RUNSTOP1,dci_cb_type,&DB_1BENGYUNXINGTINGZHIZHUANGTAI,,,,,,,,4,,__ERASE__
:R:A:BAS:TJSB:dciBAS-FLTALM1,dci_cb_type,&DB_1BEN2,,,,,,,,5,,__ERASE__
:R:A:BAS:TJSB:dciBAS-RUNSTOP2,dci_cb_type,&DB_2BENGYUNXINGTINGZHIZHUANGTAI,,,,,,,,6,,__ERASE__
:R:A:BAS:TJSB:dciBAS-FLTALM2,dci_cb_type,&DB_2BEN2,,,,,,,,7,,__ERASE__
:R:A:BAS:TJSB:dciBAS-RUNSTOP3,dci_cb_type,&DB_3BENGYUNXINGTINGZHIZHUANGTAI,,,,,,,,8,,__ERASE__
:R:A:BAS:TJSB:dciBAS-FLTALM3,dci_cb_type,&DB_3BEN2,,,,,,,,9,,__ERASE__
:R:A:BAS:TJSB:dciBAS-UHLALM,dci_cb_type,&DB_CHAO,,,,,,,,10,,__ERASE__
:R:A:BAS:TJSB:dciBAS-TWIPUMP,dci_cb_type,&DB_QISA,,,,,,,,11,,__ERASE__
:R:A:BAS:TJSB:dciBAS-DWPUMP,dci_cb_type,&DB_QISH,,,,,,,,12,,__ERASE__
:R:A:BAS:TJSB:dciBAS-SIGPUMP,dci_cb_type,&DB_QIDA,,,,,,,,13,,__ERASE__
:R:A:BAS:TJSB:dciBAS-STPPUMP,dci_cb_type,&DB_TING4,,,,,,,,14,,__ERASE__
:R:A:BAS:TJSB:dciBAS-LLALM,dci_cb_type,&DB_CHAO1,,,,,,,,15,,__ERASE__
:R:A:BAS:TJSB:dciBAS-MPRTFLT1,dci_cb_type,&DB_1BENGMADABAOHUQIGUZHANG,,,,,,,,16,,__ERASE__
:R:A:BAS:TJSB:dciBAS-MPRTFLT2,dci_cb_type,&DB_2BENGMADABAOHUQIGUZHANG,,,,,,,,17,,__ERASE__
:R:A:BAS:TJSB:dciBAS-MPRTFLT3,dci_cb_type,&DB_3BENGMADABAOHUQIGUZHANG,,,,,,,,18,,__ERASE__
:R:A:BAS:TJSB:dciBAS-MPRUNSG,dci_cb_type,&DB_ZHUYONGDIANYUANYUNXINGXINHAO,,,,,,,,19,,__ERASE__
:R:A:BAS:TJSB:dciBAS-BPRUNSG,dci_cb_type,&DB_BEIYONGDIANYUANYUNXINGXINHAO,,,,,,,,20,,__ERASE__
:R:A:BAS:TJSB:dciBAS-ULFLT,dci_cb_type,&DB_CHAOSHENGBOYEWEIJIGUZHANG,,,,,,,,21,,__ERASE__
:R:A:BAS:TJSB:dciBAS-SYSGS,dci_cb_type,&DB_XITONGGUISHU,,,,,,,,22,,__ERASE__
:R:A:BAS:TJSB:aciBAS-LEVSTA,aci_cb_type,&DB_YEWEIZHUANGTAI,,&DB10,,,,,,23,"SCS_FTOA([.value],""2"",[.unit])",
:R:A:BAS:TJSB:aciBAS-RUNTIME1,aci_cb_type,&DB_1BENGLEIJIYUNXINGSHIJIAN,,&DB11,,,,,,24,"SCS_FTOA([.value],""2"",[.unit])",
:R:A:BAS:TJSB:aciBAS-RUMTIME2,aci_cb_type,&DB_2BENGLEIJIYUNXINGSHIJIAN,,&DB11,,,,,,25,"SCS_FTOA([.value],""2"",[.unit])",
:R:A:BAS:TJSB:aciBAS-RUNTIME3,aci_cb_type,&DB_3BENGLEIJIYUNXINGSHIJIAN,,&DB11,,,,,,26,"SCS_FTOA([.value],""2"",[.unit])",
:R:A:BAS:TJSB:dioBAS-MANAUTO,dio_type,&DB_SHOUDONGZIDONGKONGZHI,,,,,,,,27,"Int2String(Byte2Int([.value],0,2))",
:R:A:BAS:TJSB:dioBAS-STARTPUP1,dio_type,&DB_1BEN3,,,,,,,,28,"Int2String(Byte2Int([.value],0,2))",
:R:A:BAS:TJSB:dioBAS-STOPPUP1,dio_type,&DB_1BEN4,,,,,,,,29,"Int2String(Byte2Int([.value],0,2))",
:R:A:BAS:TJSB:dioBAS-STARTPUP2,dio_type,&DB_2BEN3,,,,,,,,30,"Int2String(Byte2Int([.value],0,2))",
:R:A:BAS:TJSB:dioBAS-STOPPUP2,dio_type,&DB_2BEN4,,,,,,,,31,"Int2String(Byte2Int([.value],0,2))",
:R:A:BAS:TJSB:dioBAS-STARTPUP3,dio_type,&DB_3BEN3,,,,,,,,32,"Int2String(Byte2Int([.value],0,2))",
:R:A:BAS:TJSB:dioBAS-STOPPUP3,dio_type,&DB_3BEN4,,,,,,,,33,"Int2String(Byte2Int([.value],0,2))",
:R:A:BAS:TJSB:dioBAS-PUPRESET,dio_type,&DB_ZIDONGBASKONGZHI,,,,,,,,34,"Int2String(Byte2Int([.value],0,2))",
:R:A:BAS:EPS_:dciBAS-ATSDW,dci_cb_type,&DB_ATSS1,,,,,,,,1,,__ERASE__
:R:A:BAS:EPS_:dciBAS-ATSSIG,dci_cb_type,&DB_ATSZ,,,,,,,,2,,__ERASE__
:R:A:BAS:EPS_:dciBAS-ATSBAK,dci_cb_type,&DB_ATSB,,,,,,,,3,,__ERASE__
:R:A:BAS:EPS_:dciBAS-NORSUL,dci_cb_type,&DB_YINGJIZHENGCHANGGONGDIAN,,,,,,,,4,,__ERASE__
:R:A:BAS:EPS_:dciBAS-CHAFLT,dci_cb_type,&DB_CHON1,,,,,,,,5,,__ERASE__
:R:A:BAS:EPS_:dciBAS-INVFLT,dci_cb_type,&DB_NIBI1,,,,,,,,6,,__ERASE__
:R:A:BAS:EPS_:dciBAS-LPRESSTA,dci_cb_type,&DB_XUDIANCHIZHENGCHANGDIYAZHUANGTAI,,,,,,,,7,,__ERASE__
:R:A:BAS:EPS_:dciBAS-MTCBSTA,dci_cb_type,&DB_WEIXIUPANGLUZHUANGTAI,,,,,,,,8,,__ERASE__
:R:A:BAS:EPS_:dciBAS-FEDFLT,dci_cb_type,&DB_KUIXIANHUILUGUZHANG,,,,,,,,9,,__ERASE__
:R:A:BAS:EPS_:aciBAS-TOTVOLT,aci_cb_type,&DB_DIANCHIZUZONGDIANYA,,&DB_V,,,,,,10,"SCS_FTOA([.value],""2"",[.unit])",
:R:A:BAS:EPS_:aciBAS-BATTEMP,aci_cb_type,&DB_DIANCHIZUWENDU,,&DB5,,,,,,11,"SCS_FTOA([.value],""2"",[.unit])",
:R:A:BAS:EPS_:aciBAS-INVOLTPHA,aci_cb_type,&DB_SHURUAXIANGDIANYA,,&DB_V,,,,,,12,"SCS_FTOA([.value],""2"",[.unit])",
:R:A:BAS:EPS_:aciBAS-INVOLTPHB,aci_cb_type,&DB_SHURUBXIANGDIANYA,,&DB_V,,,,,,13,"SCS_FTOA([.value],""2"",[.unit])",
:R:A:BAS:EPS_:aciBAS-INVOLTPHC,aci_cb_type,&DB_SHURUCXIANGDIANYA,,&DB_V,,,,,,14,"SCS_FTOA([.value],""2"",[.unit])",
:R:A:BAS:EPS_:aciBAS-OTVOLTPHA,aci_cb_type,&DB_SHUCHUAXIANGDIANYA,,&DB_V,,,,,,15,"SCS_FTOA([.value],""2"",[.unit])",
:R:A:BAS:EPS_:aciBAS-OTVOLTPHB,aci_cb_type,&DB_SHUCHUBXIANGDIANYA,,&DB_V,,,,,,16,"SCS_FTOA([.value],""2"",[.unit])",
:R:A:BAS:EPS_:aciBAS-OTVOLTPHC,aci_cb_type,&DB_SHUCHUCXIANGDIANYA,,&DB_V,,,,,,17,"SCS_FTOA([.value],""2"",[.unit])",
:R:A:BAS:EPS_:aciBAS-CURA,aci_cb_type,&DB_SHUCHUAXIANGDIANLIU,,&DB_A,,,,,,18,"SCS_FTOA([.value],""2"",[.unit])",
:R:A:BAS:EPS_:aciBAS-CURB,aci_cb_type,&DB_SHUCHUBXIANGDIANLIU,,&DB_A,,,,,,19,"SCS_FTOA([.value],""2"",[.unit])",
:R:A:BAS:EPS_:aciBAS-CURC,aci_cb_type,&DB_SHUCHUCXIANGDIANLIU,,&DB_A,,,,,,20,"SCS_FTOA([.value],""2"",[.unit])",
:R:A:BAS:EPS1:dciBAS-MPOWNORM,dci_cb_type,&DB_ZHUDIANYUANZHENGCHANG,,,,,,,,1,,__ERASE__
:R:A:BAS:EPS1:dciBAS-BPOWNORM,dci_cb_type,&DB_BEIDIANYUANZHENGCHANG,,,,,,,,2,,__ERASE__
:R:A:BAS:EPS1:dciBAS-MPOWSUP,dci_cb_type,&DB_ZHUDIANYUANGONGDIAN,,,,,,,,3,,__ERASE__
:R:A:BAS:EPS1:dciBAS-BPOWSUP,dci_cb_type,&DB_BEIDIANYUANGONGDIAN,,,,,,,,4,,__ERASE__
:R:A:BAS:EPS1:dciBAS-MTCBSTA,dci_cb_type,&DB_WEIXIUPANGLUZHUANGTAI,,,,,,,,9,,__ERASE__
:R:A:BAS:EPS1:dciBAS-NORSUL,dci_cb_type,&DB_YINGJIZHENGCHANGGONGDIAN,,,,,,,,6,,__ERASE__
:R:A:BAS:EPS1:dciBAS-CHAFLT,dci_cb_type,&DB_CHON1,,,,,,,,7,,__ERASE__
:R:A:BAS:EPS1:dciBAS-INVFLT,dci_cb_type,&DB_NIBI1,,,,,,,,8,,__ERASE__
:R:A:BAS:EPS1:dciBAS-LPRESSTA,dci_cb_type,&DB_XUDIANCHIZHENGCHANGDIYAZHUANGTAI,,,,,,,,9,,__ERASE__
:R:A:BAS:EPS1:dciBAS-DPOWFLT,dci_cb_type,&DB_SHUANGDIANYUANHUTOUZHUANGZHIGUZHANG,,,,,,,,10,,__ERASE__
:R:A:BAS:EPS1:dciBAS-FEDFLT,dci_cb_type,&DB_KUIXIANHUILUGUZHANG,,,,,,,,11,,__ERASE__
:R:A:BAS:EPS1:aciBAS-TOTVOLT,aci_cb_type,&DB_DIANCHIZUZONGDIANYA,,&DB_V,,,,,,12,"SCS_FTOA([.value],""2"",[.unit])",
:R:A:BAS:EPS1:aciBAS-BATTEMP,aci_cb_type,&DB_DIANCHIZUWENDU,,&DB5,,,,,,13,"SCS_FTOA([.value],""2"",[.unit])",
:R:A:BAS:EPS1:aciBAS-INVOLTL1,aci_cb_type,&DB_SHURUL1XIANGDIANYA,,&DB_V,,,,,,14,"SCS_FTOA([.value],""2"",[.unit])",
:R:A:BAS:EPS1:aciBAS-INVOLTL2,aci_cb_type,&DB_SHURUL2XIANGDIANYA,,&DB_V,,,,,,15,"SCS_FTOA([.value],""2"",[.unit])",
:R:A:BAS:EPS1:aciBAS-INVOLTL3,aci_cb_type,&DB_SHURUL3XIANGDIANYA,,&DB_V,,,,,,16,"SCS_FTOA([.value],""2"",[.unit])",
:R:A:BAS:EPS1:aciBAS-OTVOLTL1,aci_cb_type,&DB_SHUCHUL1XIANGDIANYA,,&DB_V,,,,,,17,"SCS_FTOA([.value],""2"",[.unit])",
:R:A:BAS:EPS1:aciBAS-OTVOLTL2,aci_cb_type,&DB_SHUCHUL2XIANGDIANYA,,&DB_V,,,,,,18,"SCS_FTOA([.value],""2"",[.unit])",
:R:A:BAS:EPS1:aciBAS-OTVOLTL3,aci_cb_type,&DB_SHUCHUL3XIANGDIANYA,,&DB_V,,,,,,19,"SCS_FTOA([.value],""2"",[.unit])",
:R:A:BAS:EPS1:aciBAS-CURL1,aci_cb_type,&DB_SHUCHUL1XIANGDIANLIU,,&DB_A,,,,,,20,"SCS_FTOA([.value],""2"",[.unit])",
:R:A:BAS:EPS1:aciBAS-CURL2,aci_cb_type,&DB_SHUCHUL2XIANGDIANLIU,,&DB_A,,,,,,21,"SCS_FTOA([.value],""2"",[.unit])",
:R:A:BAS:EPS1:aciBAS-CURL3,aci_cb_type,&DB_SHUCHUL3XIANGDIANLIU,,&DB_A,,,,,,22,"SCS_FTOA([.value],""2"",[.unit])",
:R:A:BAS:SSZZ:dciBAS-SWTSTA,dci_cb_type,&DB_KAIGUANZHUANGTAI,,,,,,,,1,,__ERASE__
:R:A:BAS:ZNZM:dciBAS-MANAUTO,dci_cb_type,&DB_SHOUDONGZIDONGZHUANGTAI,,,,,,,,1,,__ERASE__
:R:A:BAS:ZNZM:dciBAS-LRSTA,dci_cb_type,&DB_JIUDIYUANCHENG,,,,,,,,2,,__ERASE__
:R:A:BAS:ZNZM:dciBAS-SYNFLT,dci_cb_type,&DB_ZONG,,,,,,,,3,,__ERASE__
:R:A:BAS:ZNZM:dciBAS-HIGFED,dci_cb_type,&DB_GAOFENGMOSHIFANKUI,,,,,,,,4,,__ERASE__
:R:A:BAS:ZNZM:dciBAS-NOMFED,dci_cb_type,&DB_PINGFENGMOSHIFANKUI,,,,,,,,5,,__ERASE__
:R:A:BAS:ZNZM:dciBAS-CLNFED,dci_cb_type,&DB_QINGSAOMOSHIFANKUI,,,,,,,,6,,__ERASE__
:R:A:BAS:ZNZM:dciBAS-LIGFED,dci_cb_type,&DB_QUANLIANGMOSHIFANKUI,,,,,,,,7,,__ERASE__
:R:A:BAS:ZNZM:dciBAS-STPFED,dci_cb_type,&DB_TINGYUNMOSHIFANKUI,,,,,,,,8,,__ERASE__
:R:A:BAS:ZNZM:dciBAS-SELFED,dci_cb_type,&DB_ZIDINGYIMOSHIFANKUI,,,,,,,,9,,__ERASE__
:R:A:BAS:ZNZM:dciBAS-SYSGS,dci_cb_type,&DB_XITONGGUISHU,,,,,,,,10,,__ERASE__
:R:A:BAS:ZNZM:dioBAS-MANAUTO,dio_type,&DB_SHOUDONGZIDONGKONGZHI,,,,,,,,11,"Int2String(Byte2Int([.value],0,2))",
:R:A:BAS:ZNZM:dioBAS-HIGFED,dio_type,&DB_GAOFENGMOSHIKONGZHI,,,,,,,,12,"Int2String(Byte2Int([.value],0,2))",
:R:A:BAS:ZNZM:dioBAS-NOMFED,dio_type,&DB_PINGFENGMOSHIKONGZHI,,,,,,,,13,"Int2String(Byte2Int([.value],0,2))",
:R:A:BAS:ZNZM:dioBAS-CLNFED,dio_type,&DB_QINGSAOMOSHIKONGZHI,,,,,,,,14,"Int2String(Byte2Int([.value],0,2))",
:R:A:BAS:ZNZM:dioBAS-LIGFED,dio_type,&DB_QUANLIANGMOSHIKONGZHI,,,,,,,,15,"Int2String(Byte2Int([.value],0,2))",
:R:A:BAS:ZNZM:dioBAS-STPFED,dio_type,&DB_TINGYUNMOSHIKONGZHI,,,,,,,,16,"Int2String(Byte2Int([.value],0,2))",
:R:A:BAS:ZNZM:dioBAS-SELFED,dio_type,&DB_ZIDINGYIMOSHIKONGZHI,,,,,,,,17,"Int2String(Byte2Int([.value],0,2))",
:R:A:BAS:WSTS:dciBAS-MANAUTO,dci_cb_type,&DB_SHOUDONGZIDONGZHUANGTAI,,,,,,,,1,,__ERASE__
:R:A:BAS:WSTS:dciBAS-LRSTA,dci_cb_type,&DB_JIUDIYUANCHENGZHUANGTAI,,,,,,,,2,,__ERASE__
:R:A:BAS:WSTS:dciBAS-RUNSTA1,dci_cb_type,&DB_1BEN1,,,,,,,,3,,__ERASE__
:R:A:BAS:WSTS:dciBAS-STPSTA1,dci_cb_type,&DB_1BEN,,,,,,,,4,,__ERASE__
:R:A:BAS:WSTS:dciBAS-FLTALM1,dci_cb_type,&DB_1BENGGUOFUHEGUZHANG,,,,,,,,5,,__ERASE__
:R:A:BAS:WSTS:dciBAS-RUNSTA2,dci_cb_type,&DB_2BEN1,,,,,,,,6,,__ERASE__
:R:A:BAS:WSTS:dciBAS-STPSTA2,dci_cb_type,&DB_2BEN,,,,,,,,7,,__ERASE__
:R:A:BAS:WSTS:dciBAS-FLTALM2,dci_cb_type,&DB_2BENGGUOFUHEGUZHANG,,,,,,,,8,,__ERASE__
:R:A:BAS:WSTS:dciBAS-OPNLEV,dci_cb_type,&DB_KAIB,,,,,,,,9,,__ERASE__
:R:A:BAS:WSTS:dciBAS-STPLEV,dci_cb_type,&DB_TING7,,,,,,,,10,,__ERASE__
:R:A:BAS:WSTS:dciBAS-HIGHALM,dci_cb_type,&DB_CHAO,,,,,,,,11,,__ERASE__
:R:A:BAS:WSTS:dciBAS-LOWALM,dci_cb_type,&DB_CHAO1,,,,,,,,12,,__ERASE__
:R:A:BAS:WSTS:dciBAS-SYSGS,dci_cb_type,&DB_XITONGGUISHU,,,,,,,,13,,__ERASE__
:R:A:BAS:WSTS:dioBAS-MANAUTO,dio_type,&DB_SHOUDONGZIDONGKONGZHI,,,,,,,,14,"Int2String(Byte2Int([.value],0,2))",
:R:A:BAS:WSTS:dioBAS-START,dio_type,&DB_BENG,,,,,,,,15,"Int2String(Byte2Int([.value],0,2))",
:R:A:BAS:WSZZ:dciBAS-LRSTA,dci_cb_type,&DB_JIUDIYUANCHENGZHUANGTAI,,,,,,,,1,,__ERASE__
:R:A:BAS:WSZZ:dciBAS-RUNSTOP1,dci_cb_type,&DB_1BENGYUNXINGTINGZHIZHUANGTAI,,,,,,,,2,,__ERASE__
:R:A:BAS:WSZZ:dciBAS-FLTALM1,dci_cb_type,&DB_1BENGGUZHANG,,,,,,,,3,,__ERASE__
:R:A:BAS:WSZZ:dciBAS-RUNSTOP2,dci_cb_type,&DB_2BENGYUNXINGTINGZHIZHUANGTAI,,,,,,,,4,,__ERASE__
:R:A:BAS:WSZZ:dciBAS-FLTALM2,dci_cb_type,&DB_2BENGGUZHANG,,,,,,,,5,,__ERASE__
:R:A:BAS:WSZZ:dciBAS-HIGHALM,dci_cb_type,&DB_GAOS,,,,,,,,6,,__ERASE__
:R:A:BAS:WSZZ:dciBAS-LOWALM,dci_cb_type,&DB_DISH,,,,,,,,7,,__ERASE__
:R:A:BAS:WSZZ:dciBAS-SYSFLT,dci_cb_type,&DB_XITONGGUZHANG,,,,,,,,8,,__ERASE__
:R:A:BAS:WSZZ:dciBAS-POWFLT,dci_cb_type,&DB_DIANYUANGUZHANG,,,,,,,,9,,__ERASE__
:R:A:BAS:WSZZ:dciBAS-SENFLT,dci_cb_type,&DB_YEWEICHUANGANQIGUZHANG,,,,,,,,10,,__ERASE__
:R:A:BAS:DT__:dciBAS-EXESTA,dci_cb_type,&DB_YUNXINGZHUANGTAI,,,,,,,,1,,__ERASE__
:R:A:BAS:DT__:dciBAS-LOCFLR,dci_cb_type,&DB_SUOT,,,,,,,,2,,__ERASE__
:R:A:BAS:DT__:dciBAS-FALASTA,dci_cb_type,&DB_GUZH2,,,,,,,,3,,__ERASE__
:R:A:BAS:DT__:dciBAS-PASALM,dci_cb_type,&DB_CHEN1,,,,,,,,4,,__ERASE__
:R:A:BAS:DT__:dciBAS-REPST,dci_cb_type,&DB_JIAN1,,,,,,,,5,,__ERASE__
:R:A:BAS:DT__:dciBAS-FIRECOMT,dci_cb_type,&DB_XIAO1,,,,,,,,6,,__ERASE__
:R:A:BAS:DT__:dciBAS-FIRUNF,dci_cb_type,&DB_XIAO2,,,,,,,,7,,__ERASE__
:R:A:BAS:CRFT:dciBAS-UPSTA,dci_cb_type,&DB_SHAN,,,,,,,,1,,__ERASE__
:R:A:BAS:CRFT:dciBAS-CLOSTA,dci_cb_type,&DB_XIAX,,,,,,,,2,,__ERASE__
:R:A:BAS:CRFT:dciBAS-STPSTA,dci_cb_type,&DB_TING2,,,,,,,,3,,__ERASE__
:R:A:BAS:CRFT:dciBAS-REPST,dci_cb_type,&DB_JIAN1,,,,,,,,4,,__ERASE__
:R:A:BAS:CRFT:dciBAS-FLT,dci_cb_type,&DB_GUZH,,,,,,,,5,,__ERASE__
:R:A:BAS:CRFT:dciBAS-LEFTABN,dci_cb_type,&DB_ZUOF,,,,,,,,6,,__ERASE__
:R:A:BAS:CRFT:dciBAS-RIGHABN,dci_cb_type,&DB_YOUF,,,,,,,,7,,__ERASE__
:R:A:BAS:CRFT:dciBAS-PEDAL,dci_cb_type,&DB_TABA,,,,,,,,8,,__ERASE__
:R:A:BAS:ZNFT:dciBAS-UPSTA,dci_cb_type,&DB_SHAN,,,,,,,,1,,__ERASE__
:R:A:BAS:ZNFT:dciBAS-CLOSTA,dci_cb_type,&DB_XIAX,,,,,,,,2,,__ERASE__
:R:A:BAS:ZNFT:dciBAS-STPSTA,dci_cb_type,&DB_TING2,,,,,,,,3,,__ERASE__
:R:A:BAS:ZNFT:dciBAS-REPST,dci_cb_type,&DB_JIAN1,,,,,,,,4,,__ERASE__
:R:A:BAS:ZNFT:dciBAS-FLT,dci_cb_type,&DB_GUZH,,,,,,,,5,,__ERASE__
:R:A:BAS:ZNFT:dciBAS-LEFTABN,dci_cb_type,&DB_ZUOF,,,,,,,,6,,__ERASE__
:R:A:BAS:ZNFT:dciBAS-RIGHABN,dci_cb_type,&DB_YOUF,,,,,,,,7,,__ERASE__
:R:A:BAS:GFKX:dciBAS-MANAUTO,dci_cb_type,&DB_SHOUDONGZIDONGZHUANGTAI,,,,,,,,1,,__ERASE__
:R:A:BAS:GFKX:dciBAS-LRSTA,dci_cb_type,&DB_YUANCHENGJIUDI,,,,,,,,2,,__ERASE__
:R:A:BAS:GFKX:dciBAS-EXESTA,dci_cb_type,&DB_YUNXINGTINGZHIZHUANGTAI,,,,,,,,3,,__ERASE__
:R:A:BAS:GFKX:dciBAS-FALASTA,dci_cb_type,&DB_GUZH2,,,,,,,,4,,__ERASE__
:R:A:BAS:GFKX:dciBAS-SYSGS,dci_cb_type,&DB_XITONGGUISHU,,,,,,,,5,,__ERASE__
:R:A:BAS:GFKX:dioBAS-MANAUTO,dio_type,&DB_SHOUDONGZIDONGKONGZHI,,,,,,,,6,"Int2String(Byte2Int([.value],0,2))",
:R:A:BAS:GFKX:dioBAS-EXEUP,dio_type,&DB_YUNX3,,,,,,,,7,"Int2String(Byte2Int([.value],0,2))",
:R:A:BAS:GFKX:dioBAS-STOPUP,dio_type,&DB_TING3,,,,,,,,8,"Int2String(Byte2Int([.value],0,2))",
:R:A:BAS:LSJZ:dciBAS-MANAUTO,dci_cb_type,&DB_SHOUDONGZIDONGZHUANGTAI,,,,,,,,1,,__ERASE__
:R:A:BAS:LSJZ:dciBAS-RUNSTA,dci_cb_type,&DB_JIZUYUNXINGZHUANGTAI,,,,,,,,2,,__ERASE__
:R:A:BAS:LSJZ:dciBAS-SITE,dci_cb_type,&DB_XIANCHANGBAS,,,,,,,,3,,__ERASE__
:R:A:BAS:LSJZ:dciBAS-FALA,dci_cb_type,&DB_GUZH1,,,,,,,,4,,__ERASE__
:R:A:BAS:LSJZ:dciBAS-STPALM,dci_cb_type,&DB_TING6,,,,,,,,5,,__ERASE__
:R:A:BAS:LSJZ:dciBAS-SYSGS,dci_cb_type,&DB_XITONGGUISHU,,,,,,,,6,,__ERASE__
:R:A:BAS:LSJZ:dioBAS-MANAUTO,dio_type,&DB_SHOUDONGZIDONGKONGZHI,,,,,,,,7,"Int2String(Byte2Int([.value],0,2))",
:R:A:BAS:LSJZ:dioBAS-STARTUP,dio_type,&DB_QIDO,,,,,,,,8,"Int2String(Byte2Int([.value],0,2))",
:R:A:BAS:LSJZ:dioBAS-STOPUP,dio_type,&DB_TING3,,,,,,,,9,"Int2String(Byte2Int([.value],0,2))",
:R:A:BAS:LSJZ:aciBAS-INWATEMP,aci_cb_type,&DB_LENGQUESHUIJINSHUIWENDU,,&DB5,,,,,,10,"SCS_FTOA([.value],""2"",[.unit])",
:R:A:BAS:LSJZ:aciBAS-OUTWATEMP,aci_cb_type,&DB_LENGQUESHUICHUSHUIWENDU,,&DB5,,,,,,11,"SCS_FTOA([.value],""2"",[.unit])",
:R:A:BAS:LSJZ:aciBAS-CHINTEMP,aci_cb_type,&DB_LENGDONGSHUIJINSHUIWENDU,,&DB5,,,,,,12,"SCS_FTOA([.value],""2"",[.unit])",
:R:A:BAS:LSJZ:aciBAS-CHOUTEMP,aci_cb_type,&DB_LENGDONGSHUICHUSHUIWENDU,,&DB5,,,,,,13,"SCS_FTOA([.value],""2"",[.unit])",
:R:A:BAS:LSJZ:aciBAS-EVAPORAT,aci_cb_type,&DB_ZHENGFAYALI,,&DB13,,,,,,14,"SCS_FTOA([.value],""2"",[.unit])",
:R:A:BAS:LSJZ:aciBAS-CONDENSE,aci_cb_type,&DB_LENGNINGYALI,,&DB13,,,,,,15,"SCS_FTOA([.value],""2"",[.unit])",
:R:A:BAS:LSJZ:aciBAS-RUNTIME,aci_cb_type,&DB_JIZULEIJIYUNXINGSHIJIAN,,&DB14,,,,,,16,"SCS_FTOA([.value],""2"",[.unit])",
:R:A:BAS:LSJZ:aciBAS-PERUNIT,aci_cb_type,&DB_JIZUDANGQIANRONGLIANGBAIFENBI,,&DB12,,,,,,17,"SCS_FTOA([.value],""2"",[.unit])",
:R:A:BAS:LSJZ:aioBAS-TEMPSET,aio_type,&DB_LENGDONGSHUICHUSHUIWENDUSHEDING,,&DB5,,,,,,18,"SCS_FTOA([.value],""0"",[.unit])",
:R:A:BAS:TVFB:aciBAS-FORTEM,aci_cb_type,&DB_QIANZHOUWENDU,,&DB5,,,,,,1,"SCS_FTOA([.value],""2"",[.unit])",
:R:A:BAS:TVFB:aciBAS-BAKTEM,aci_cb_type,&DB_HOUZHOUWENDU,,&DB5,,,,,,2,"SCS_FTOA([.value],""2"",[.unit])",
:R:A:BAS:TVFB:aciBAS-RONDTEM,aci_cb_type,&DB_RAOZUWENDU,,&DB5,,,,,,3,"SCS_FTOA([.value],""2"",[.unit])",
:R:A:BAS:TEFB:aciBAS-VERTBRK,aci_cb_type,&DB_FENGJICHUIZHIZHENDONG,,&DB15,,,,,,1,"SCS_FTOA([.value],""2"",[.unit])",
:R:A:BAS:TEFB:aciBAS-HORIBRK,aci_cb_type,&DB_FENGJISHUIPINGZHENDONG,,&DB15,,,,,,2,"SCS_FTOA([.value],""2"",[.unit])",
:R:A:BAS:TEFB:aciBAS-FORTEM,aci_cb_type,&DB_QIANZHOUWENDU,,&DB5,,,,,,3,"SCS_FTOA([.value],""2"",[.unit])",
:R:A:BAS:TEFB:aciBAS-BAKTEM,aci_cb_type,&DB_HOUZHOUWENDU,,&DB5,,,,,,4,"SCS_FTOA([.value],""2"",[.unit])",
:R:A:BAS:TEFB:aciBAS-RONDTEM,aci_cb_type,&DB_RAOZUWENDU,,&DB5,,,,,,5,"SCS_FTOA([.value],""2"",[.unit])",
:R:A:BAS:KQJC:aciBAS-TEMP,aci_cb_type,&DB_WENDU,,&DB5,,,,,,1,"SCS_FTOA([.value],""2"",[.unit])",
:R:A:BAS:KQJC:aciBAS-HUMIDITY,aci_cb_type,&DB_SHIDU,,&DB12,,,,,,2,"SCS_FTOA([.value],""2"",[.unit])",
:R:A:BAS:KQJC:aciBAS-TVO,aci_cb_type,&DB_TVOC,,&DB26,,,,,,3,"SCS_FTOA([.value],""2"",[.unit])",
:R:A:BAS:KQJC:aciBAS-PM25,aci_cb_type,&DB_PM25,,&DB25,,,,,,4,"SCS_FTOA([.value],""2"",[.unit])",
:R:A:BAS:KQJC:aciBAS-PM10,aci_cb_type,&DB_PM10,,&DB25,,,,,,5,"SCS_FTOA([.value],""2"",[.unit])",
:R:A:BAS:KQJC:aciBAS-CO2,aci_cb_type,&DB_ERYANGHUATAN,,&DB23,,,,,,6,"SCS_FTOA([.value],""2"",[.unit])",
:R:A:BAS:JDCC:dciBAS-EXESTA,dci_cb_type,&DB_YUNXINGZHUANGTAI,,,,,,,,1,,__ERASE__
:R:A:BAS:JDCC:dciBAS-CLNALM,dci_cb_type,&DB_QING2,,,,,,,,2,,__ERASE__
:R:A:BAS:JDCC:dciBAS-SYNFLT,dci_cb_type,&DB_ZONG1,,,,,,,,3,,__ERASE__
:R:A:BAS:YCBJ:dciBAS-FILTALM,dci_cb_type,&DB_GUOL1,,,,,,,,1,,__ERASE__
:R:A:BAS:RFM_:dciBAS-OPENSTA,dci_cb_type,&DB_KAID,,,,,,,,1,,__ERASE__
:R:A:BAS:RFM_:dciBAS-CLOSTA,dci_cb_type,&DB_GUAN2,,,,,,,,2,,__ERASE__
:R:A:BAS:XFDF:dciBAS-MANAUTO,dci_cb_type,&DB_SHOUDONGZIDONGZHUANGTAI,,,,,,,,1,,__ERASE__
:R:A:BAS:XFDF:dciBAS-LRSTA,dci_cb_type,&DB_JIUDIYUANCHENG,,,,,,,,2,,__ERASE__
:R:A:BAS:XFDF:dciBAS-OPENSTA,dci_cb_type,&DB_KAID,,,,,,,,3,,__ERASE__
:R:A:BAS:XFDF:dciBAS-CLOSTA,dci_cb_type,&DB_GUAN2,,,,,,,,4,,__ERASE__
:R:A:BAS:XFDF:dciBAS-FALASTA,dci_cb_type,&DB_GUZH2,,,,,,,,5,,__ERASE__
:R:A:BAS:XFDF:dciBAS-SYSGS,dci_cb_type,&DB_XITONGGUISHU,,,,,,,,6,,__ERASE__
:R:A:BAS:XFDF:dioBAS-MANAUTO,dio_type,&DB_SHOUDONGZIDONGKONGZHI,,,,,,,,7,"Int2String(Byte2Int([.value],0,2))",
:R:A:BAS:XFDF:dioBAS-OPN,dio_type,&DB_KAIK,,,,,,,,8,"Int2String(Byte2Int([.value],0,2))",
:R:A:BAS:XFDF:dioBAS-CLO,dio_type,&DB_GUAN4,,,,,,,,9,"Int2String(Byte2Int([.value],0,2))",
:R:A:BAS:DHYS:dciBAS-MANAUTO,dci_cb_type,&DB_SHOUDONGZIDONGZHUANGTAI,,,,,,,,1,,__ERASE__
:R:A:BAS:DHYS:dciBAS-RUNSPSTA,dci_cb_type,&DB_YUNXINGTINGZHIZHUANGTAI,,,,,,,,2,,__ERASE__
:R:A:BAS:DHYS:dciBAS-SYNFLT,dci_cb_type,&DB_ZONG,,,,,,,,3,,__ERASE__
:R:A:BAS:DSGS:dciBAS-RUNSTOPA,dci_cb_type,&DB_ABENGYUNXINGTINGZHIZHUANGTAI,,,,,,,,1,,__ERASE__
:R:A:BAS:DSGS:dciBAS-FLTALMA,dci_cb_type,&DB_ABEN2,,,,,,,,2,,__ERASE__
:R:A:BAS:DSGS:dciBAS-RUNSTOPB,dci_cb_type,&DB_BBENGYUNXINGTINGZHIZHUANGTAI,,,,,,,,3,,__ERASE__
:R:A:BAS:DSGS:dciBAS-FLTALMB,dci_cb_type,&DB_BBEN2,,,,,,,,4,,__ERASE__
:R:A:BAS:DSWS:dciBAS-LOWALM,dci_cb_type,&DB_DISH,,,,,,,,1,,__ERASE__
:R:A:BAS:DSWS:dciBAS-HIGHALM,dci_cb_type,&DB_GAOS,,,,,,,,2,,__ERASE__
:R:A:BAS:DSWS:dciBAS-UHLALM,dci_cb_type,&DB_CHAO,,,,,,,,3,,__ERASE__
:R:A:BAS:AFHF:dciBAS-OPNFDSTA,dci_cb_type,&DB_KAIF,,,,,,,,1,,__ERASE__
:R:A:BAS:AFHF:dciBAS-CLOFDSTA,dci_cb_type,&DB_GUAN5,,,,,,,,2,,__ERASE__
:R:A:BAS:SCLY:dciBAS-BKWASH,dci_cb_type,&DB_FANC,,,,,,,,1,,__ERASE__
:R:A:BAS:SCLY:dciBAS-FALA,dci_cb_type,&DB_GUZH1,,,,,,,,2,,__ERASE__
:R:A:BAS:DSSB:dciBAS-MANAUTO,dci_cb_type,&DB_SHOUDONGZIDONGZHUANGTAI,,,,,,,,1,,__ERASE__
:R:A:BAS:DSSB:dciBAS-LRSTA,dci_cb_type,&DB_JIUDIYUANCHENGZHUANGTAI,,,,,,,,2,,__ERASE__
:R:A:BAS:DSSB:dciBAS-RUNSTOP,dci_cb_type,&DB_BENGYUNXINGTINGZHIZHUANGTAI,,,,,,,,3,,__ERASE__
:R:A:BAS:DSSB:dciBAS-FLTALM,dci_cb_type,&DB_BENG3,,,,,,,,4,,__ERASE__
:R:A:BAS:DSSB:dciBAS-STLVLSIG,dci_cb_type,&DB_QIBE,,,,,,,,5,,__ERASE__
:R:A:BAS:DSSB:dciBAS-STPPUMP,dci_cb_type,&DB_TING4,,,,,,,,6,,__ERASE__
:R:A:BAS:DSSB:dciBAS-SYSGS,dci_cb_type,&DB_XITONGGUISHU,,,,,,,,7,,__ERASE__
:R:A:BAS:DSSB:dioBAS-MANAUTO,dio_type,&DB_SHOUDONGZIDONGKONGZHI,,,,,,,,8,"Int2String(Byte2Int([.value],0,2))",
:R:A:BAS:DSSB:dioBAS-START,dio_type,&DB_BENG,,,,,,,,9,"Int2String(Byte2Int([.value],0,2))",
:R:A:BAS:DSSB:dioBAS-STOP,dio_type,&DB_BENG4,,,,,,,,10,"Int2String(Byte2Int([.value],0,2))",
:R:A:BAS:DDSB:dciBAS-MANAUTO,dci_cb_type,&DB_SHOUDONGZIDONGZHUANGTAI,,,,,,,,1,,__ERASE__
:R:A:BAS:DDSB:dciBAS-LRSTA,dci_cb_type,&DB_JIUDIYUANCHENGZHUANGTAI,,,,,,,,2,,__ERASE__
:R:A:BAS:DDSB:dciBAS-RUNSTOP1,dci_cb_type,&DB_1BENGYUNXINGTINGZHIZHUANGTAI,,,,,,,,3,,__ERASE__
:R:A:BAS:DDSB:dciBAS-FLTALM1,dci_cb_type,&DB_1BEN2,,,,,,,,4,,__ERASE__
:R:A:BAS:DDSB:dciBAS-RUNSTOP2,dci_cb_type,&DB_2BENGYUNXINGTINGZHIZHUANGTAI,,,,,,,,5,,__ERASE__
:R:A:BAS:DDSB:dciBAS-FLTALM2,dci_cb_type,&DB_2BEN2,,,,,,,,6,,__ERASE__
:R:A:BAS:DDSB:dciBAS-DWPUMP,dci_cb_type,&DB_QISH,,,,,,,,7,,__ERASE__
:R:A:BAS:DDSB:dciBAS-SIGPUMP,dci_cb_type,&DB_QIDA,,,,,,,,8,,__ERASE__
:R:A:BAS:DDSB:dciBAS-STPPUMP,dci_cb_type,&DB_TING4,,,,,,,,9,,__ERASE__
:R:A:BAS:DDSB:dciBAS-SYSGS,dci_cb_type,&DB_XITONGGUISHU,,,,,,,,10,,__ERASE__
:R:A:BAS:DDSB:dioBAS-MANAUTO,dio_type,&DB_SHOUDONGZIDONGKONGZHI,,,,,,,,11,"Int2String(Byte2Int([.value],0,2))",
:R:A:BAS:DDSB:dioBAS-STARTPUP1,dio_type,&DB_1BEN3,,,,,,,,12,"Int2String(Byte2Int([.value],0,2))",
:R:A:BAS:DDSB:dioBAS-STOPPUP1,dio_type,&DB_1BEN4,,,,,,,,13,"Int2String(Byte2Int([.value],0,2))",
:R:A:BAS:DDSB:dioBAS-STARTPUP2,dio_type,&DB_2BEN3,,,,,,,,14,"Int2String(Byte2Int([.value],0,2))",
:R:A:BAS:DDSB:dioBAS-STOPPUP2,dio_type,&DB_2BEN4,,,,,,,,15,"Int2String(Byte2Int([.value],0,2))",
:R:A:BAS:DDT_:dciBAS-EXESTA,dci_cb_type,&DB_YUNXINGZHUANGTAI,,,,,,,,1,,__ERASE__
:R:A:BAS:DDT_:dciBAS-LOCFLR,dci_cb_type,&DB_SUOT,,,,,,,,2,,__ERASE__
:R:A:BAS:DDT_:dciBAS-FALASTA,dci_cb_type,&DB_GUZH2,,,,,,,,3,,__ERASE__
:R:A:BAS:DDT_:dciBAS-PASALM,dci_cb_type,&DB_CHEN1,,,,,,,,4,,__ERASE__
:R:A:BAS:DDT_:dciBAS-REPST,dci_cb_type,&DB_JIAN1,,,,,,,,5,,__ERASE__
:R:A:BAS:LQTA:dciBAS-LOWALM,dci_cb_type,&DB_DISH,,,,,,,,1,,__ERASE__
:R:A:BAS:LQTA:dciBAS-HIGHALM,dci_cb_type,&DB_GAOS,,,,,,,,2,,__ERASE__
:R:A:BAS:LQTA:dciBAS-UHLALM,dci_cb_type,&DB_CHAO,,,,,,,,3,,__ERASE__
:R:A:BAS:DFQF:dciBAS-ACTSIG,dci_cb_type,&DB_DONGZUOXINHAO,,,,,,,,1,,__ERASE__
:R:A:BAS:SNWS:aciBAS-TEMP,aci_cb_type,&DB_WENDU,,&DB5,,,,,,1,"SCS_FTOA([.value],""2"",[.unit])",
:R:A:BAS:SNWS:aciBAS-HUMIDITY,aci_cb_type,&DB_SHIDU,,&DB12,,,,,,2,"SCS_FTOA([.value],""2"",[.unit])",
:R:A:BAS:GDWS:aciBAS-TEMP,aci_cb_type,&DB_WENDU,,&DB5,,,,,,1,"SCS_FTOA([.value],""2"",[.unit])",
:R:A:BAS:GDWS:aciBAS-HUMIDITY,aci_cb_type,&DB_SHIDU,,&DB12,,,,,,2,"SCS_FTOA([.value],""2"",[.unit])",
:R:A:BAS:SGWD:aciBAS-TEMP,aci_cb_type,&DB_WENDU,,&DB5,,,,,,1,"SCS_FTOA([.value],""2"",[.unit])",
:R:A:BAS:GDWD:aciBAS-TEMP,aci_cb_type,&DB_WENDU,,&DB5,,,,,,1,"SCS_FTOA([.value],""2"",[.unit])",
:R:A:BAS:SNWD:aciBAS-TEMP,aci_cb_type,&DB_WENDU,,&DB5,,,,,,1,"SCS_FTOA([.value],""2"",[.unit])",
:R:A:BAS:CO2_:aciBAS-CO2CONC,aci_cb_type,&DB_ERYANGHUATANNONGDU,,&DB23,,,,,,1,"SCS_FTOA([.value],""2"",[.unit])",
:R:A:BAS:YLBS:aciBAS-PRESB,aci_cb_type,&DB_YALI,,&DB16,,,,,,1,"SCS_FTOA([.value],""2"",[.unit])",
:R:A:BAS:YCBS:aciBAS-PRESB,aci_cb_type,&DB_YACHA,,&DB16,,,,,,1,"SCS_FTOA([.value],""2"",[.unit])",
:R:A:BAS:DCLL:aciBAS-FLOW,aci_cb_type,&DB_LIULIANG,,&DB24,,,,,,1,"SCS_FTOA([.value],""2"",[.unit])",
:R:A:BAS:ETF_:dciBAS-MANAUTO,dci_cb_type,&DB_SHOUDONGZIDONGZHUANGTAI,,,,,,,,1,,__ERASE__
:R:A:BAS:ETF_:aciBAS-OPFEDBAC,aci_cb_type,&DB_KAIDUFANKUI,,&DB12,,,,,,2,"SCS_FTOA([.value],""2"",[.unit])",
:R:A:BAS:ETF_:dioBAS-MANAUTO,dio_type,&DB_SHOUDONGZIDONGKONGZHI,,,,,,,,3,"Int2String(Byte2Int([.value],0,2))",
:R:A:BAS:ETF_:aioBAS-OPNDEG,aio_type,&DB_KAIDUKONGZHI,,&DB12,,,,,,4,"SCS_FTOA([.value],""0"",[.unit])",
:R:A:BAS:YCPT:aciBAS-OPFEDBAC,aci_cb_type,&DB_KAIDUFANKUI,,&DB12,,,,,,1,"SCS_FTOA([.value],""2"",[.unit])",
:R:A:BAS:YCPT:aioBAS-OPNDEG,aio_type,&DB_KAIDUKONGZHI,,&DB12,,,,,,2,"SCS_FTOA([.value],""0"",[.unit])",
:R:A:BAS:VRF_:dciBAS-OPNCLO,dci_cb_type,&DB_KAIGUANZHUANGTAI1,,,,,,,,1,,__ERASE__
:R:A:BAS:VRF_:dciBAS-INTFLT,dci_cb_type,&DB_ZONGHEGUZHANG,,,,,,,,2,,__ERASE__
:R:A:BAS:VRF_:dciBAS-MODE,dci_cb_type,&DB_MOSHI,,,,,,,,3,,__ERASE__
:R:A:BAS:VRF_:dciBAS-SPEED,dci_cb_type,&DB_FENGSU,,,,,,,,4,,__ERASE__
:R:A:BAS:VRF_:aciBAS-TEMP,aci_cb_type,&DB_WENDU,,&DB5,,,,,,5,"SCS_FTOA([.value],""2"",[.unit])",
:R:A:BAS:VRF_:dciBAS-SYSGS,dci_cb_type,&DB_XITONGGUISHU,,,,,,,,6,,__ERASE__
:R:A:BAS:VRF_:dioBAS-OPEN,dio_type,&DB_KAIGUANKONGZHI,,,,,,,,7,"Int2String(Byte2Int([.value],0,2))",
:R:A:BAS:VRF_:dioBAS-WIND,dio_type,&DB_FENGLIANGTIAOJIE,,,,,,,,8,"Int2String(Byte2Int([.value],0,2))",
:R:A:BAS:VRF_:aioBAS-TEMPSET,aio_type,&DB_WENDUSHEDING,,&DB5,,,,,,9,"SCS_FTOA([.value],""0"",[.unit])",
:R:A:BAS:GXFJ:dciBAS-OPNCLO,dci_cb_type,&DB_KAIGUANZHUANGTAI1,,,,,,,,1,,__ERASE__
:R:A:BAS:GXFJ:dciBAS-INTFLT,dci_cb_type,&DB_ZONGHEGUZHANG,,,,,,,,2,,__ERASE__
:R:A:BAS:FJPG:dciBAS-MANAUTO,dci_cb_type,&DB_SHOUDONGZIDONGZHUANGTAI,,,,,,,,1,,__ERASE__
:R:A:BAS:FJPG:dciBAS-FULOPN,dci_cb_type,&DB_QUAN,,,,,,,,2,,__ERASE__
:R:A:BAS:FJPG:dciBAS-FULCLO,dci_cb_type,&DB_QUANGUANZHUANGTAI,,,,,,,,3,,__ERASE__
:R:A:BAS:FJPG:dciBAS-SYSGS,dci_cb_type,&DB_XITONGGUISHU,,,,,,,,4,,__ERASE__
:R:A:BAS:FJPG:dioBAS-MANAUTO,dio_type,&DB_SHOUDONGZIDONGKONGZHI,,,,,,,,5,"Int2String(Byte2Int([.value],0,2))",
:R:A:BAS:FJPG:dioBAS-FLOPN,dio_type,&DB_QUAN1,,,,,,,,6,"Int2String(Byte2Int([.value],0,2))",
:R:A:BAS:FJPG:dioBAS-FLCLO,dio_type,&DB_QUANGUANKONGZHI,,,,,,,,7,"Int2String(Byte2Int([.value],0,2))",
:R:A:BAS:HZLY:dciBAS-FASFIRE,dci_cb_type,&DB_FASHUOZAIXINHAO,,,,,,,,1,,__ERASE__
:R:A:BAS:HZLY:dciBAS-IBPFIR,dci_cb_type,&DB_IBPPANXIAFAHUOZAIXINHAO,,,,,,,,2,,__ERASE__
:R:A:BAS:HZLY:dciBAS-ISCSSIG,dci_cb_type,&DB_ISCSXIAFAHUOZAIXINHAO,,,,,,,,3,,__ERASE__
:R:A:BAS:RSET:dioBAS-FIRERESET,dio_type,&DB_HUOZAIFUWEI,,,,,,,,1,"Int2String(Byte2Int([.value],0,2))",
:R:A:BAS:IBST:dciBAS-BASHB,dci_cb_type,&DB_BASZHOUQIXINGFANKUIXINTIAOZI,,,,,,,,1,,__ERASE__
:R:A:BAS:IBST:dioBAS-ISCSBAS,dio_type,&DB_ISCSGEIBASZHOUQIXIERUXINTIAOZI,,,,,,,,2,"Int2String(Byte2Int([.value],0,2))",
:R:A:BAS:PLC_:dciBAS-MASTSLAVE,dci_cb_type,&DB_ZHUCONGZHUANGTAI,,,,,,,,1,,__ERASE__
:R:A:BAS:PLC_:dciBAS-MODUEXSTA,dci_cb_type,&DB_SHEBEIYUNXINGZHUANGTAI,,,,,,,,2,,__ERASE__
:R:A:BAS:PLC_:dciBAS-COMPORTSTA,dci_cb_type,&DB_TONGXUNJIEKOUZHUANGTAI,,,,,,,,3,,__ERASE__
:R:A:BAS:PLC_:dciBAS-COMPORTSTA2,dci_cb_type,&DB_TONGXUNJIEKOUZHUANGTAI2,,,,,,,,4,,__ERASE__
:R:A:BAS:PLCS:dciBAS-MASTSLAVE,dci_cb_type,&DB_ZHUCONGZHUANGTAI,,,,,,,,1,,__ERASE__
:R:A:BAS:PLCS:dciBAS-MODUEXSTA,dci_cb_type,&DB_SHEBEIYUNXINGZHUANGTAI,,,,,,,,2,,__ERASE__
:R:A:BAS:TTBL:dciBAS-DLFINISH,dci_cb_type,&DB_SHIJIANBIAOXIAZAIWANCHENGZHUANGTAI,,,,,,,,1,,__ERASE__
:R:A:BAS:TTBL:sciBAS-READINFO,sci_cb_type,&DB_HUIDUSHIJIANBIAOXINXI,,,,,,,,2,,
:R:A:BAS:TTBL:sioBAS-TIMESEND,sio_type,&DB_SHIJIANBIAOXIAFA,,,,,,,,3,"Int2String(Byte2Int([.value],0,2))",
:R:A:BAS:OPER:dciBAS-IBPHOFB,dci_cb_type,&DB_IBPKONGZHIQUANXIANFANKUI,,,,,,,,1,,__ERASE__
:R:A:BAS:OPER:dciBAS-CMDFED,dci_cb_type,&DB_ISCSKONGZHIQUANXIANXUANZEFANKUI,,,,,,,,2,,__ERASE__
:R:A:BAS:SYS_:dciBAS-SYSCTL,dci_cb_type,&DB_XITONGDANGQIANKONGZHIFANGSHI,,,,,,,,1,,__ERASE__
:R:A:BAS:SYS_:aciBAS-SYSMODE,aci_cb_type,&DB_XITONGDANGQIANYUNXINGMOSHI,,__ERASE__,,,,,,2,"SCS_FTOA([.value],""2"",[.unit])",
:R:A:BAS:SYS_:dciBAS-CURMOD,dci_cb_type,&DB_DANGQIANMOSHIZHIXINGZHUANGTAI,,,,,,,,3,,__ERASE__
:R:A:BAS:SYS_:dioBAS-SYSSEL,dio_type,&DB_XITONGKONGZHIFANGSHIXUANZE,,,,,,,,4,"Int2String(Byte2Int([.value],0,2))",
:R:A:BAS:SYS_:aioBAS-MODECTL,aio_type,&DB_MOSH,,__ERASE__,,,,,,5,"SCS_FTOA([.value],""0"",[.unit])",
:R:A:BAS:IOST:dciBAS-COMSTAT,dci_cb_type,&DB_TONGXUNZHUANGTAI,,,,,,,,1,,__ERASE__
:R:A:BAS:TIME:aioBAS-YEAR,aio_type,&DB_NIAN,,__ERASE__,,,,,,1,"SCS_FTOA([.value],""0"",[.unit])",
:R:A:BAS:TIME:aioBAS-MONTH,aio_type,&DB_YUE,,__ERASE__,,,,,,2,"SCS_FTOA([.value],""0"",[.unit])",
:R:A:BAS:TIME:aioBAS-DAY,aio_type,&DB_RI,,__ERASE__,,,,,,3,"SCS_FTOA([.value],""0"",[.unit])",
:R:A:BAS:TIME:aioBAS-HOUR,aio_type,&DB_SHI,,__ERASE__,,,,,,4,"SCS_FTOA([.value],""0"",[.unit])",
:R:A:BAS:TIME:aioBAS-MINUTE,aio_type,&DB_FEN,,__ERASE__,,,,,,5,"SCS_FTOA([.value],""0"",[.unit])",
:R:A:BAS:TIME:aioBAS-SECOND,aio_type,&DB_MIAO,,__ERASE__,,,,,,6,"SCS_FTOA([.value],""0"",[.unit])",
:R:A:BAS:STA1:dciBAS-HOSTAT,dci_cb_type,&DB_HUANKONGQUANXIANWEIZHI,,,,,,,,1,,__ERASE__
:R:A:BAS:STA1:dioBAS-HOSTAT,dio_type,&DB_HUANKONGQUANXIANWEIZHIQIEHUAN,,,,,,,,2,"Int2String(Byte2Int([.value],0,2))",
:R:A:BAS:STA2:dciBAS-HOSTAT,dci_cb_type,&DB_HUANKONGQUANXIANWEIZHI,,,,,,,,1,,__ERASE__
:R:A:BAS:STA2:dioBAS-HOSTAT,dio_type,&DB_HUANKONGQUANXIANWEIZHIQIEHUAN,,,,,,,,2,"Int2String(Byte2Int([.value],0,2))",
:R:A:BAS:STA3:dciBAS-HOSTAT,dci_cb_type,&DB_HUANKONGQUANXIANWEIZHI,,,,,,,,1,,__ERASE__
:R:A:BAS:STA3:dioBAS-HOSTAT,dio_type,&DB_HUANKONGQUANXIANWEIZHIQIEHUAN,,,,,,,,2,"Int2String(Byte2Int([.value],0,2))",
:R:A:BAS:STA4:dciBAS-HOSTAT,dci_cb_type,&DB_HUANKONGQUANXIANWEIZHI,,,,,,,,1,,__ERASE__
:R:A:BAS:STA4:dioBAS-HOSTAT,dio_type,&DB_HUANKONGQUANXIANWEIZHIQIEHUAN,,,,,,,,2,"Int2String(Byte2Int([.value],0,2))",
:R:A:BAS:STA5:dciBAS-HOSTAT,dci_cb_type,&DB_HUANKONGQUANXIANWEIZHI,,,,,,,,1,,__ERASE__
:R:A:BAS:STA5:dioBAS-HOSTAT,dio_type,&DB_HUANKONGQUANXIANWEIZHIQIEHUAN,,,,,,,,2,"Int2String(Byte2Int([.value],0,2))",
